,location,01-01-18,02-01-18,03-01-18,04-01-18,05-01-18,06-01-18,07-01-18,08-01-18,09-01-18,10-01-18,11-01-18,12-01-18,01-01-19,02-01-19,03-01-19,04-01-19,05-01-19,06-01-19,07-01-19,08-01-19,09-01-19,10-01-19,11-01-19,12-01-19,01-01-20,02-01-20,03-01-20,04-01-20,05-01-20,06-01-20,07-01-20,08-01-20,09-01-20,10-01-20,11-01-20,12-01-20,01-01-21,02-01-21,03-01-21,04-01-21,05-01-21,06-01-21,07-01-21,08-01-21,09-01-21,10-01-21,11-01-21,12-01-21,01-01-22,02-01-22,03-01-22,04-01-22,05-01-22,06-01-22,07-01-22,08-01-22,09-01-22,01-01-18_benzin,01-01-18_diesel,01-01-18_el,01-01-18_hybrid,02-01-18_benzin,02-01-18_diesel,02-01-18_el,02-01-18_hybrid,03-01-18_benzin,03-01-18_diesel,03-01-18_el,03-01-18_hybrid,04-01-18_benzin,04-01-18_diesel,04-01-18_el,04-01-18_hybrid,05-01-18_benzin,05-01-18_diesel,05-01-18_el,05-01-18_hybrid,06-01-18_benzin,06-01-18_diesel,06-01-18_el,06-01-18_hybrid,07-01-18_benzin,07-01-18_diesel,07-01-18_el,07-01-18_hybrid,08-01-18_benzin,08-01-18_diesel,08-01-18_el,08-01-18_hybrid,09-01-18_benzin,09-01-18_diesel,09-01-18_el,09-01-18_hybrid,10-01-18_benzin,10-01-18_diesel,10-01-18_el,10-01-18_hybrid,11-01-18_benzin,11-01-18_diesel,11-01-18_el,11-01-18_hybrid,12-01-18_benzin,12-01-18_diesel,12-01-18_el,12-01-18_hybrid,01-01-19_benzin,01-01-19_diesel,01-01-19_el,01-01-19_hybrid,02-01-19_benzin,02-01-19_diesel,02-01-19_el,02-01-19_hybrid,03-01-19_benzin,03-01-19_diesel,03-01-19_el,03-01-19_hybrid,04-01-19_benzin,04-01-19_diesel,04-01-19_el,04-01-19_hybrid,05-01-19_benzin,05-01-19_diesel,05-01-19_el,05-01-19_hybrid,06-01-19_benzin,06-01-19_diesel,06-01-19_el,06-01-19_hybrid,07-01-19_benzin,07-01-19_diesel,07-01-19_el,07-01-19_hybrid,08-01-19_benzin,08-01-19_diesel,08-01-19_el,08-01-19_hybrid,09-01-19_benzin,09-01-19_diesel,09-01-19_el,09-01-19_hybrid,10-01-19_benzin,10-01-19_diesel,10-01-19_el,10-01-19_hybrid,11-01-19_benzin,11-01-19_diesel,11-01-19_el,11-01-19_hybrid,12-01-19_benzin,12-01-19_diesel,12-01-19_el,12-01-19_hybrid,01-01-20_benzin,01-01-20_diesel,01-01-20_el,01-01-20_hybrid,02-01-20_benzin,02-01-20_diesel,02-01-20_el,02-01-20_hybrid,03-01-20_benzin,03-01-20_diesel,03-01-20_el,03-01-20_hybrid,04-01-20_benzin,04-01-20_diesel,04-01-20_el,04-01-20_hybrid,05-01-20_benzin,05-01-20_diesel,05-01-20_el,05-01-20_hybrid,06-01-20_benzin,06-01-20_diesel,06-01-20_el,06-01-20_hybrid,07-01-20_benzin,07-01-20_diesel,07-01-20_el,07-01-20_hybrid,08-01-20_benzin,08-01-20_diesel,08-01-20_el,08-01-20_hybrid,09-01-20_benzin,09-01-20_diesel,09-01-20_el,09-01-20_hybrid,10-01-20_benzin,10-01-20_diesel,10-01-20_el,10-01-20_hybrid,11-01-20_benzin,11-01-20_diesel,11-01-20_el,11-01-20_hybrid,12-01-20_benzin,12-01-20_diesel,12-01-20_el,12-01-20_hybrid,01-01-21_benzin,01-01-21_diesel,01-01-21_el,01-01-21_hybrid,02-01-21_benzin,02-01-21_diesel,02-01-21_el,02-01-21_hybrid,03-01-21_benzin,03-01-21_diesel,03-01-21_el,03-01-21_hybrid,04-01-21_benzin,04-01-21_diesel,04-01-21_el,04-01-21_hybrid,05-01-21_benzin,05-01-21_diesel,05-01-21_el,05-01-21_hybrid,06-01-21_benzin,06-01-21_diesel,06-01-21_el,06-01-21_hybrid,07-01-21_benzin,07-01-21_diesel,07-01-21_el,07-01-21_hybrid,08-01-21_benzin,08-01-21_diesel,08-01-21_el,08-01-21_hybrid,09-01-21_benzin,09-01-21_diesel,09-01-21_el,09-01-21_hybrid,10-01-21_benzin,10-01-21_diesel,10-01-21_el,10-01-21_hybrid,11-01-21_benzin,11-01-21_diesel,11-01-21_el,11-01-21_hybrid,12-01-21_benzin,12-01-21_diesel,12-01-21_el,12-01-21_hybrid,01-01-22_benzin,01-01-22_diesel,01-01-22_el,01-01-22_hybrid,02-01-22_benzin,02-01-22_diesel,02-01-22_el,02-01-22_hybrid,03-01-22_benzin,03-01-22_diesel,03-01-22_el,03-01-22_hybrid,04-01-22_benzin,04-01-22_diesel,04-01-22_el,04-01-22_hybrid,05-01-22_benzin,05-01-22_diesel,05-01-22_el,05-01-22_hybrid,06-01-22_benzin,06-01-22_diesel,06-01-22_el,06-01-22_hybrid,07-01-22_benzin,07-01-22_diesel,07-01-22_el,07-01-22_hybrid,08-01-22_benzin,08-01-22_diesel,08-01-22_el,08-01-22_hybrid,09-01-22_benzin,09-01-22_diesel,09-01-22_el,09-01-22_hybrid
3,Taarnby,195,281,353,254,575,880,361,585,167,377,507,647,189,142,300,363,425,402,263,417,322,426,649,1042,254,346,365,205,184,660,649,569,594,601,889,1057,227,355,612,477,756,1123,694,647,337,400,635,843,175,226,588,390,453,855,405,412,560,60,120,1,6.0,261,113,0,8.0,279,123,0,9.0,218,134,0,5.0,582,130,1,4.0,748,132,0,9.0,413,101,3,3.0,143,121,0,6.0,93,87,0,1.0,283,120,2,1.0,237,169,0,2.0,203,150,2,4.0,68,189,3,2.0,372,111,7,4.0,630,163,11,2.0,331,83,8,2.0,257,155,6,3.0,792,102,7,1.0,470,94,7,7.0,357,130,8,6.0,121,94,12,3.0,321,110,11,1.0,336,145,8,5.0,282,157,21,1.0,42,147,52,8.0,402,81,12,10.0,253,92,14,11.0,31,74,5,4.0,81,62,12,6.0,213,62,29,12.0,397,55,11,18.0,66,69,16,24.0,164,65,71,24.0,346,97,33,29.0,350,86,26,38.0,218,129,196,38.0,284,59,9,23.0,155,87,6,17.0,389,102,101,69.0,326,58,32,25.0,227,71,92,37.0,349,69,141,56.0,232,44,87,39.0,281,43,86,61.0,187,37,92,50.0,186,31,73,39.0,108,40,112,62.0,93,44,204,104.0,49,32,69,22.0,188,25,73,35.0,163,41,89,36.0,245,34,63,23.0,263,26,89,35.0,208,62,143,39.0,110,40,148,24.0,351,38,162,19.0,138,46,137,29.0
4,Albertslund,327,579,661,681,1335,1358,648,454,279,610,533,383,229,710,853,666,689,1442,704,670,318,516,718,467,335,843,472,148,232,432,779,443,447,513,672,618,456,368,815,813,575,765,476,504,523,458,362,388,189,442,443,428,579,517,380,614,336,91,284,0,5.0,115,317,1,3.0,133,279,1,12.0,105,307,2,0.0,142,525,1,6.0,136,432,2,4.0,103,294,2,5.0,112,592,0,7.0,99,245,0,3.0,95,545,3,0.0,123,503,1,3.0,110,525,6,1.0,176,345,5,2.0,127,328,5,3.0,205,466,18,9.0,123,374,14,3.0,106,498,7,4.0,118,581,22,5.0,112,367,5,9.0,143,473,11,11.0,101,225,21,9.0,116,324,8,9.0,114,369,9,10.0,86,712,42,5.0,103,322,15,15.0,113,221,13,11.0,102,230,39,19.0,63,106,25,23.0,66,141,16,16.0,118,300,24,50.0,109,237,13,63.0,103,251,25,54.0,99,226,71,30.0,84,225,33,49.0,105,310,49,42.0,103,544,126,91.0,41,263,32,23.0,50,271,10,45.0,124,296,42,86.0,83,276,17,45.0,78,145,17,48.0,139,255,40,81.0,63,238,27,51.0,88,277,67,48.0,44,269,77,100.0,56,135,41,91.0,52,132,60,60.0,49,209,99,106.0,49,68,22,16.0,49,104,33,39.0,88,253,51,58.0,70,157,28,59.0,54,272,36,66.0,56,275,75,60.0,46,218,28,28.0,58,326,39,70.0,46,488,86,40.0
5,Ballerup,213,235,261,241,279,272,213,241,203,219,296,263,369,247,377,210,265,230,211,282,201,231,272,255,264,203,217,155,137,202,200,213,211,220,229,294,127,165,292,176,214,299,181,217,158,181,181,241,103,128,219,159,158,187,136,172,169,429,68,0,2.0,509,69,2,0.0,600,79,2,0.0,866,73,0,1.0,771,58,2,1.0,851,94,2,2.0,690,38,1,1.0,938,68,1,0.0,451,46,12,0.0,683,59,1,4.0,605,74,1,0.0,818,46,3,1.0,644,63,8,1.0,853,61,1,3.0,1170,74,11,1.0,770,53,6,0.0,1023,50,7,0.0,1051,65,15,0.0,1193,40,32,1.0,1154,56,10,3.0,1004,30,40,2.0,1084,59,10,3.0,1111,53,11,6.0,1030,34,27,2.0,598,53,9,9.0,683,35,11,2.0,571,38,23,5.0,338,28,10,3.0,616,23,8,1.0,710,34,22,8.0,713,27,9,7.0,589,25,12,19.0,661,34,51,8.0,438,29,18,15.0,556,31,50,16.0,633,41,196,18.0,549,25,5,2.0,585,33,10,3.0,1028,30,44,34.0,835,30,17,22.0,762,29,32,20.0,671,26,40,30.0,481,17,37,17.0,618,23,121,30.0,424,11,124,16.0,337,29,56,19.0,423,12,77,19.0,525,23,105,43.0,255,17,31,5.0,412,19,25,14.0,711,21,54,11.0,562,11,23,9.0,420,16,51,22.0,653,14,83,20.0,565,15,42,14.0,552,13,48,17.0,694,10,70,19.0
6,Broendby,715,826,886,1179,1305,1289,989,1534,704,1240,1110,1345,994,1211,1654,1163,1531,1642,1571,1636,1270,1427,1500,1775,984,959,857,459,859,1105,1007,892,994,743,1057,1510,886,903,1611,1288,1339,1389,947,1140,930,708,895,1135,427,641,1149,838,843,1192,979,1108,1423,173,236,0,1.0,172,203,0,3.0,201,174,0,0.0,181,203,1,2.0,251,267,0,4.0,217,205,0,2.0,172,248,0,2.0,225,192,0,2.0,115,148,1,0.0,185,208,0,1.0,175,202,0,4.0,127,281,0,0.0,218,184,2,4.0,185,144,1,1.0,294,212,5,3.0,180,165,3,3.0,219,182,3,0.0,214,236,2,2.0,177,176,0,4.0,202,149,1,0.0,167,125,4,3.0,167,265,0,0.0,157,210,1,4.0,161,262,6,0.0,193,188,7,3.0,160,185,1,4.0,164,149,4,2.0,123,144,1,4.0,135,79,0,3.0,185,98,5,2.0,170,126,3,14.0,164,86,4,9.0,169,147,13,10.0,175,115,3,5.0,150,136,12,16.0,199,200,61,12.0,78,64,1,8.0,98,92,6,6.0,195,99,15,18.0,126,65,21,18.0,104,91,8,25.0,143,78,18,71.0,111,47,5,42.0,104,61,10,45.0,97,59,19,24.0,97,66,7,27.0,74,53,18,22.0,94,81,27,30.0,76,70,9,52.0,85,80,11,15.0,105,91,31,70.0,107,82,18,14.0,106,68,14,60.0,108,74,17,36.0,70,47,12,38.0,104,64,8,21.0,95,46,12,17.0
7,Gentofte,247,250,290,261,314,322,215,299,162,248,252,183,288,255,388,249,279,302,229,275,221,235,224,238,269,218,252,180,180,255,228,238,298,266,268,404,158,158,336,198,187,265,194,255,235,206,208,320,137,172,213,169,193,236,137,175,220,235,52,0,1.0,321,65,0,3.0,333,79,0,1.0,355,94,0,2.0,348,105,1,1.0,296,86,0,2.0,252,39,0,3.0,356,76,0,1.0,255,65,1,1.0,278,90,0,2.0,233,82,1,3.0,246,46,1,1.0,384,55,0,1.0,314,55,0,3.0,380,62,0,2.0,377,94,1,2.0,404,99,1,3.0,415,32,2,1.0,402,62,0,3.0,347,35,2,1.0,363,41,3,1.0,343,38,0,5.0,324,59,2,1.0,392,68,3,1.0,262,72,2,3.0,208,34,10,6.0,279,39,4,6.0,178,29,0,5.0,208,39,3,3.0,245,35,5,9.0,242,62,2,14.0,221,45,6,21.0,268,57,12,14.0,193,43,4,10.0,276,44,8,14.0,448,64,18,34.0,194,19,5,12.0,163,23,7,14.0,526,46,8,26.0,271,33,1,31.0,289,20,2,28.0,254,29,16,48.0,215,22,10,27.0,282,29,11,22.0,204,14,20,29.0,206,20,26,22.0,244,25,10,23.0,309,26,27,42.0,157,33,4,8.0,231,15,8,20.0,227,28,11,17.0,247,24,5,16.0,206,23,10,14.0,237,38,11,25.0,119,8,11,21.0,110,28,9,34.0,157,33,18,27.0
8,Gladsaxe,476,529,521,558,623,507,506,556,418,487,439,531,578,462,612,551,597,671,619,517,537,627,555,686,475,415,470,355,311,415,440,373,496,375,504,935,286,310,756,398,460,453,350,512,487,419,434,601,274,375,430,411,391,454,236,292,313,60,69,0,1.0,43,87,0,3.0,77,71,1,2.0,78,95,0,1.0,90,149,0,1.0,55,138,0,4.0,55,54,0,2.0,69,90,1,3.0,51,145,0,1.0,52,113,1,0.0,58,106,1,2.0,35,101,1,0.0,70,87,2,1.0,88,63,1,1.0,87,130,4,3.0,67,101,3,2.0,74,126,1,1.0,84,144,4,3.0,59,116,2,4.0,68,91,2,1.0,87,46,5,7.0,52,77,2,5.0,49,67,2,2.0,39,117,8,1.0,66,93,3,7.0,53,49,4,5.0,63,58,11,11.0,36,42,5,4.0,42,34,2,2.0,57,64,5,11.0,51,47,7,20.0,48,60,8,18.0,57,36,24,16.0,46,89,13,7.0,44,44,19,24.0,49,131,30,23.0,26,47,2,11.0,18,43,9,13.0,93,99,14,32.0,47,34,13,26.0,50,79,9,54.0,51,93,22,41.0,34,67,13,56.0,44,54,16,36.0,29,26,22,50.0,24,60,16,42.0,42,48,24,64.0,28,98,41,79.0,28,34,9,12.0,95,52,15,18.0,100,53,31,24.0,38,47,13,26.0,44,53,16,31.0,41,89,27,24.0,25,42,11,19.0,20,46,23,33.0,30,60,41,30.0
9,Glostrup,114,108,156,174,196,143,95,145,117,146,140,82,128,147,155,164,176,118,122,107,134,93,115,115,154,90,111,69,82,105,123,116,135,107,116,192,48,50,188,123,98,128,78,113,78,70,104,124,75,135,170,89,103,116,59,73,94,67,95,0,2.0,66,125,1,1.0,81,90,2,1.0,126,88,1,1.0,262,119,0,1.0,220,87,8,2.0,299,63,0,3.0,105,122,1,5.0,120,61,2,0.0,80,111,0,3.0,190,101,3,5.0,103,68,2,0.0,94,93,3,16.0,81,91,2,8.0,176,127,0,1.0,109,96,7,4.0,247,94,4,0.0,447,92,3,1.0,259,61,7,3.0,90,118,2,1.0,99,58,15,4.0,272,96,4,2.0,112,97,11,2.0,65,79,11,1.0,65,89,11,3.0,110,57,5,5.0,89,77,12,6.0,43,64,3,3.0,66,83,7,4.0,156,73,9,7.0,85,69,5,9.0,51,103,13,7.0,140,56,42,5.0,171,65,7,8.0,82,77,21,16.0,112,81,27,10.0,107,55,6,4.0,26,71,4,7.0,158,89,19,18.0,89,90,12,7.0,119,96,9,13.0,164,78,21,11.0,90,62,17,15.0,40,80,29,11.0,36,67,25,19.0,23,68,20,24.0,69,73,33,17.0,57,100,43,19.0,38,48,14,2.0,53,59,22,3.0,92,85,35,8.0,92,37,18,5.0,124,36,20,5.0,121,32,31,11.0,56,36,21,5.0,73,48,24,18.0,48,46,38,18.0
10,Herlev,137,156,152,223,416,360,355,197,266,194,301,205,185,145,309,214,374,595,379,183,151,349,185,185,163,173,153,89,106,227,148,126,198,269,150,273,167,82,283,142,225,344,209,150,106,136,149,212,128,128,226,158,247,257,147,149,143,120,98,0,3.0,98,105,0,4.0,99,112,0,3.0,96,70,0,3.0,101,93,0,4.0,82,116,0,1.0,115,89,0,6.0,99,94,0,3.0,72,82,0,3.0,107,156,0,1.0,97,130,0,3.0,62,102,1,0.0,117,104,0,6.0,136,91,0,4.0,172,168,4,1.0,86,85,1,0.0,102,85,1,2.0,110,90,1,2.0,75,58,1,1.0,131,89,0,4.0,70,83,2,0.0,132,90,3,7.0,114,101,3,3.0,75,128,1,2.0,82,105,2,10.0,67,49,6,5.0,91,93,2,5.0,71,53,1,4.0,68,40,2,5.0,130,47,5,11.0,103,73,3,18.0,102,69,7,25.0,98,50,6,12.0,85,76,2,16.0,101,80,2,21.0,84,115,16,24.0,75,76,3,22.0,53,67,1,17.0,135,83,17,60.0,95,66,2,25.0,103,48,7,38.0,65,77,5,58.0,89,75,6,39.0,64,68,8,43.0,50,51,12,39.0,47,59,11,44.0,64,58,13,34.0,61,65,9,73.0,39,40,4,41.0,36,79,4,55.0,64,48,11,58.0,43,38,7,45.0,53,36,12,40.0,73,27,8,46.0,45,49,4,35.0,34,85,11,30.0,48,65,11,41.0
11,Hvidovre,216,226,191,186,221,171,181,223,134,221,202,132,213,231,305,187,200,207,141,252,134,235,214,163,177,134,185,145,156,217,193,234,192,173,211,229,144,147,264,229,236,213,191,182,168,153,184,244,104,130,197,109,119,157,113,139,162,143,24,1,1.0,99,34,1,0.0,101,21,1,3.0,115,53,4,1.0,107,29,1,0.0,109,45,2,2.0,95,20,0,2.0,146,45,0,1.0,69,36,5,0.0,117,35,6,0.0,123,38,0,0.0,102,30,2,1.0,169,35,2,3.0,144,29,2,2.0,221,24,15,0.0,128,24,5,1.0,149,44,11,1.0,117,39,16,0.0,94,15,3,1.0,140,29,6,1.0,131,25,13,1.0,113,32,1,3.0,151,34,5,3.0,128,28,16,1.0,122,31,2,4.0,93,27,12,2.0,87,25,23,3.0,80,10,6,4.0,72,5,3,2.0,125,17,15,4.0,137,27,13,16.0,116,16,20,11.0,81,24,46,10.0,87,39,21,7.0,114,19,30,10.0,100,38,65,12.0,51,12,6,8.0,64,22,10,6.0,142,17,24,20.0,109,14,16,14.0,89,17,10,19.0,91,20,40,19.0,95,11,18,19.0,77,10,44,18.0,71,13,53,17.0,60,9,27,23.0,68,7,33,15.0,83,12,65,26.0,42,11,20,9.0,61,10,32,9.0,109,15,35,11.0,73,11,21,9.0,91,15,27,15.0,87,15,33,11.0,51,7,20,9.0,72,25,48,12.0,54,22,61,27.0
12,Hoeje-Taastrup,242,208,217,187,201,237,186,244,154,273,258,206,277,238,392,222,239,213,163,232,236,212,265,268,245,152,203,140,121,192,235,216,189,177,239,265,144,148,276,213,200,230,243,210,197,181,223,270,108,180,216,155,178,169,140,214,187,33,64,0,2.0,33,46,0,0.0,43,66,0,1.0,53,48,0,1.0,53,61,0,1.0,68,103,0,3.0,38,38,0,0.0,49,61,0,1.0,37,52,0,0.0,46,65,2,0.0,60,47,1,1.0,35,75,1,0.0,49,57,0,0.0,48,53,5,0.0,71,74,6,0.0,43,43,2,2.0,59,45,2,1.0,54,47,5,0.0,55,72,3,0.0,36,53,5,1.0,40,44,8,1.0,45,57,2,0.0,64,56,2,2.0,43,49,4,0.0,34,61,6,2.0,48,38,6,0.0,32,31,13,1.0,24,30,1,1.0,45,73,0,0.0,40,43,3,4.0,44,71,8,7.0,28,54,7,7.0,38,81,12,3.0,32,64,13,1.0,31,41,8,5.0,51,138,26,14.0,25,88,5,7.0,12,75,4,9.0,51,38,13,9.0,26,39,4,7.0,31,54,5,14.0,36,56,18,12.0,32,53,12,8.0,43,66,15,7.0,11,28,23,8.0,17,60,17,9.0,10,57,14,11.0,30,49,23,17.0,16,77,10,1.0,22,68,12,4.0,18,52,18,9.0,18,34,7,6.0,19,27,16,4.0,14,63,21,7.0,20,40,12,9.0,15,71,14,5.0,12,41,25,17.0
13,Ishoej,59,68,65,107,83,115,61,99,73,84,103,66,100,85,100,72,104,95,74,66,71,82,103,73,70,86,65,38,56,69,83,58,73,81,68,115,44,42,103,49,68,72,64,72,55,61,47,70,33,39,52,41,51,48,36,69,63,127,66,0,1.0,103,60,0,1.0,145,63,0,1.0,109,72,0,2.0,187,64,0,1.0,136,61,1,3.0,114,42,1,2.0,130,67,1,5.0,96,30,0,2.0,130,56,0,1.0,119,56,1,0.0,112,48,1,0.0,169,49,0,1.0,167,38,0,1.0,197,74,0,2.0,107,49,2,1.0,145,57,1,2.0,142,50,2,2.0,140,49,0,1.0,147,58,2,2.0,118,47,1,3.0,149,78,2,4.0,157,277,2,5.0,102,92,4,3.0,131,59,1,1.0,106,37,0,4.0,120,39,1,3.0,84,24,0,0.0,145,30,1,2.0,129,46,2,9.0,197,35,1,11.0,174,53,4,17.0,198,53,7,8.0,138,33,2,9.0,126,50,4,12.0,126,62,14,9.0,99,26,3,7.0,108,51,0,8.0,151,42,7,19.0,139,31,3,15.0,173,34,11,21.0,131,65,10,26.0,117,21,6,24.0,146,27,10,25.0,102,67,13,12.0,79,66,7,21.0,89,113,14,18.0,79,123,22,35.0,109,90,1,9.0,112,103,8,9.0,104,141,11,9.0,88,91,4,13.0,112,82,8,12.0,124,96,6,12.0,91,51,15,10.0,111,44,9,15.0,93,54,13,14.0
14,Lyngby-Taarbaek,195,154,215,164,253,242,158,194,156,202,169,189,234,226,287,155,203,207,216,210,175,214,221,169,204,161,179,124,226,198,299,273,337,239,218,353,215,210,273,219,275,285,227,299,222,210,213,266,247,267,249,188,206,266,186,260,236,62,21,0,2.0,68,19,1,4.0,84,41,1,6.0,80,20,1,3.0,86,31,1,0.0,82,23,1,3.0,74,17,0,3.0,76,30,1,4.0,47,20,1,2.0,68,24,1,1.0,85,19,1,1.0,58,26,2,1.0,95,22,0,1.0,77,14,0,3.0,100,21,4,7.0,63,23,1,2.0,89,21,1,2.0,64,18,5,4.0,67,15,1,3.0,74,17,2,3.0,62,11,8,3.0,88,22,1,3.0,95,22,2,4.0,57,24,11,6.0,68,40,1,5.0,65,18,3,4.0,58,13,18,2.0,60,12,3,6.0,68,5,4,3.0,109,10,12,7.0,122,14,3,17.0,74,9,6,30.0,81,15,20,14.0,86,16,10,8.0,87,19,12,17.0,117,20,32,26.0,73,10,3,12.0,75,11,2,17.0,122,17,10,38.0,106,9,5,30.0,112,7,10,28.0,122,9,14,30.0,109,5,9,31.0,74,8,20,27.0,69,6,28,20.0,55,5,14,28.0,68,10,15,26.0,94,19,44,52.0,98,6,6,11.0,112,2,10,8.0,154,2,17,18.0,132,4,11,8.0,152,7,17,13.0,100,11,15,21.0,59,2,9,14.0,70,6,12,15.0,98,7,27,23.0
15,Roedovre,129,128,150,153,150,145,118,144,77,126,142,108,147,122,180,115,149,119,120,138,118,171,377,154,137,110,113,89,100,162,181,145,156,139,155,217,112,136,197,155,170,224,161,134,176,161,210,266,207,236,324,239,265,228,131,140,204,35,26,0,5.0,42,28,0,0.0,41,31,2,4.0,27,34,2,5.0,51,34,0,2.0,33,34,0,4.0,32,25,1,1.0,43,28,1,2.0,23,15,1,5.0,28,45,1,0.0,33,24,0,1.0,30,31,3,1.0,35,41,3,3.0,38,30,1,3.0,62,33,2,4.0,25,22,2,2.0,31,26,5,1.0,34,27,3,2.0,21,13,3,3.0,38,35,2,2.0,23,19,8,1.0,33,28,2,9.0,36,28,1,9.0,29,30,14,1.0,30,34,2,4.0,24,11,1,7.0,44,21,10,7.0,23,28,5,5.0,20,14,2,2.0,35,19,8,4.0,40,23,6,20.0,43,29,6,15.0,22,11,18,20.0,24,19,11,9.0,33,15,27,29.0,24,26,37,23.0,10,23,3,6.0,22,14,4,7.0,32,27,16,39.0,17,13,7,19.0,25,22,11,27.0,30,11,11,37.0,17,13,14,18.0,25,14,21,26.0,14,16,29,23.0,17,8,20,17.0,16,11,33,33.0,14,20,42,34.0,12,8,10,18.0,20,10,21,7.0,11,17,24,20.0,11,4,16,11.0,21,14,25,16.0,16,8,25,18.0,11,6,27,14.0,19,10,13,16.0,12,10,26,14.0
16,Vallensbaek,58,61,83,48,83,60,50,75,43,52,54,57,57,52,83,52,54,54,36,58,36,57,62,57,73,42,59,36,26,51,62,63,47,43,61,72,30,42,65,36,57,61,36,50,41,38,51,72,20,34,33,25,40,40,37,39,49,54,59,0,6.0,63,49,0,0.0,62,55,0,1.0,56,52,4,5.0,63,59,1,3.0,81,50,1,2.0,71,43,0,5.0,80,71,0,3.0,49,52,1,0.0,65,30,2,1.0,77,50,1,2.0,59,39,2,4.0,73,34,2,0.0,68,32,1,0.0,92,49,5,5.0,62,27,5,1.0,56,30,7,2.0,51,55,6,2.0,50,45,12,2.0,57,51,4,1.0,54,47,3,7.0,58,41,0,5.0,64,42,2,9.0,34,43,20,3.0,66,37,3,12.0,50,41,4,4.0,49,41,16,3.0,45,34,1,8.0,43,23,5,1.0,67,24,6,11.0,82,43,6,22.0,59,35,18,23.0,56,26,26,12.0,49,29,9,14.0,48,32,16,21.0,66,48,47,37.0,27,21,5,8.0,41,29,6,15.0,57,33,20,30.0,40,16,18,23.0,42,18,10,26.0,33,14,32,27.0,31,23,21,25.0,30,23,41,25.0,27,24,41,20.0,20,20,27,27.0,27,18,23,28.0,22,24,53,34.0,24,12,20,7.0,16,32,12,14.0,24,22,18,12.0,23,18,6,9.0,36,21,25,21.0,30,25,24,24.0,13,20,14,10.0,26,18,20,19.0,23,20,28,13.0
17,Alleroed,81,93,95,93,99,119,98,114,67,112,102,92,115,99,131,86,85,85,65,96,84,91,99,78,102,68,91,76,63,107,119,111,95,87,87,133,60,65,113,73,95,84,77,89,83,63,71,121,47,45,67,51,79,65,38,63,74,114,55,0,2.0,107,37,0,4.0,127,42,1,1.0,103,40,2,4.0,102,31,1,0.0,114,44,1,1.0,109,30,0,4.0,110,55,1,3.0,92,15,2,2.0,91,34,5,0.0,100,42,3,1.0,62,30,0,0.0,103,27,2,4.0,109,21,1,2.0,153,59,11,2.0,96,28,1,0.0,90,34,8,0.0,84,28,5,0.0,106,19,3,0.0,94,24,2,0.0,86,21,10,1.0,103,28,1,5.0,119,20,3,1.0,72,14,15,1.0,108,36,9,5.0,95,26,9,1.0,76,32,13,5.0,58,21,2,3.0,70,9,3,5.0,113,23,15,8.0,113,23,7,24.0,104,18,15,18.0,89,16,20,6.0,71,20,9,6.0,81,24,20,13.0,76,33,31,30.0,46,15,1,13.0,56,14,6,13.0,98,14,18,42.0,83,17,9,22.0,82,25,16,27.0,88,18,29,31.0,54,9,11,27.0,61,12,25,19.0,55,8,34,15.0,58,11,13,17.0,70,8,27,27.0,47,11,44,40.0,48,13,22,12.0,40,12,11,16.0,52,11,25,10.0,54,8,12,10.0,54,14,18,21.0,60,14,11,20.0,29,4,19,17.0,45,9,18,6.0,38,4,23,15.0
18,Egedal,175,160,190,160,161,167,156,186,147,123,151,105,141,145,211,127,127,146,157,150,144,149,166,135,152,141,129,103,98,152,179,175,147,119,157,187,82,106,185,136,139,143,122,132,128,126,147,165,81,101,116,96,113,131,90,91,107,112,73,0,1.0,100,90,2,1.0,100,62,0,8.0,99,78,3,6.0,104,80,2,4.0,94,77,1,2.0,77,49,2,1.0,113,55,0,3.0,70,43,2,1.0,91,53,1,1.0,97,59,1,3.0,100,43,4,0.0,98,56,1,4.0,92,46,3,5.0,151,57,9,6.0,91,45,9,4.0,115,44,3,2.0,75,43,8,3.0,96,34,4,6.0,127,47,2,4.0,101,50,9,3.0,92,53,0,7.0,103,32,2,5.0,94,68,19,3.0,100,43,8,5.0,88,35,6,11.0,76,37,16,5.0,66,18,3,10.0,75,22,3,1.0,117,46,12,10.0,100,35,2,14.0,102,37,11,14.0,93,23,30,16.0,86,30,11,16.0,88,37,16,14.0,101,75,43,21.0,37,15,7,12.0,46,33,5,6.0,108,50,17,36.0,75,20,16,26.0,66,38,8,25.0,92,56,24,29.0,57,21,12,13.0,65,25,42,30.0,54,22,39,23.0,40,24,19,28.0,58,21,17,14.0,64,21,51,53.0,58,19,17,5.0,46,23,16,5.0,65,20,29,18.0,53,17,16,16.0,56,27,23,18.0,52,23,25,15.0,37,11,20,12.0,43,27,37,12.0,58,17,41,11.0
19,Fredensborg,172,137,146,148,138,143,108,170,91,127,141,133,130,117,219,126,157,111,130,157,126,129,134,129,143,125,131,93,91,150,149,153,155,124,157,204,63,73,181,129,128,179,105,144,126,95,122,162,109,77,114,78,111,108,69,88,104,123,48,0,2.0,95,31,0,1.0,111,34,0,2.0,93,38,3,1.0,106,32,0,1.0,99,40,1,0.0,95,35,0,1.0,120,46,1,3.0,69,23,3,2.0,104,30,3,1.0,115,36,2,1.0,67,33,2,0.0,135,40,2,5.0,116,22,1,5.0,146,51,5,5.0,69,16,5,3.0,108,28,2,2.0,95,28,5,2.0,92,22,5,2.0,101,40,1,0.0,114,18,6,1.0,114,22,0,4.0,91,25,1,4.0,78,29,9,2.0,121,25,2,4.0,74,28,4,7.0,66,30,14,8.0,79,12,3,4.0,91,14,4,3.0,114,18,6,6.0,115,25,5,14.0,115,21,7,13.0,104,20,22,3.0,94,25,14,6.0,83,31,19,6.0,106,38,32,6.0,46,16,2,8.0,59,10,2,6.0,113,21,20,17.0,78,24,11,8.0,73,24,10,20.0,78,69,20,15.0,85,10,11,14.0,84,16,23,16.0,50,12,23,13.0,58,18,17,16.0,72,13,25,11.0,59,12,32,21.0,56,12,15,3.0,48,10,11,3.0,53,9,9,8.0,60,4,9,4.0,56,11,18,5.0,54,17,16,7.0,33,10,17,2.0,55,9,12,7.0,42,10,11,9.0
20,Frederikssund,202,185,175,178,190,179,149,179,114,163,179,114,193,163,219,116,162,145,131,151,181,173,135,164,185,122,119,107,117,186,179,190,159,147,161,249,70,113,211,130,153,190,142,159,126,122,148,158,104,96,110,98,122,112,73,119,95,91,43,0,3.0,74,52,0,6.0,127,38,1,3.0,91,47,1,10.0,104,48,0,7.0,87,51,0,2.0,75,38,1,6.0,95,52,3,8.0,72,31,2,1.0,89,35,1,1.0,93,33,3,5.0,62,29,1,0.0,114,36,1,6.0,105,31,2,9.0,138,45,1,5.0,85,29,2,1.0,85,34,1,6.0,93,37,3,3.0,71,37,1,6.0,90,29,1,1.0,70,31,3,4.0,98,48,0,4.0,102,31,1,5.0,59,30,4,7.0,76,40,2,12.0,68,31,3,6.0,73,26,2,4.0,72,22,4,6.0,66,23,3,8.0,96,20,4,11.0,97,38,3,19.0,103,28,5,18.0,85,32,14,18.0,68,25,9,20.0,62,33,8,16.0,76,26,9,30.0,32,18,5,20.0,45,16,4,10.0,88,25,8,57.0,34,29,7,36.0,53,27,4,31.0,67,34,10,43.0,56,10,8,34.0,44,20,13,48.0,39,18,12,27.0,24,17,8,27.0,33,24,12,43.0,43,24,14,46.0,30,9,5,9.0,39,18,9,15.0,48,25,13,18.0,30,12,5,11.0,48,16,10,19.0,59,13,5,10.0,45,14,8,19.0,54,19,12,11.0,37,19,13,21.0
21,Furesoe,141,111,162,136,138,129,116,144,99,120,131,99,159,132,200,110,116,129,97,132,98,125,130,108,114,103,124,90,88,134,148,153,141,110,122,187,68,73,168,96,112,191,105,121,105,78,90,146,71,81,96,60,103,121,92,106,103,100,34,1,0.0,83,32,0,1.0,95,32,6,3.0,92,19,3,7.0,78,29,0,4.0,82,32,2,2.0,91,23,1,8.0,77,27,1,10.0,54,17,0,1.0,78,20,4,3.0,72,15,3,7.0,59,14,1,2.0,114,26,4,10.0,96,22,2,7.0,113,32,5,2.0,65,23,3,1.0,80,25,3,2.0,90,17,9,2.0,92,15,1,7.0,69,16,1,5.0,67,16,8,9.0,71,21,2,7.0,167,19,3,2.0,53,12,13,2.0,88,22,7,6.0,83,34,6,5.0,52,15,16,11.0,50,13,8,2.0,61,15,6,5.0,75,21,14,8.0,66,20,10,26.0,74,10,12,29.0,67,17,29,20.0,55,20,18,21.0,76,29,27,16.0,68,18,43,26.0,38,12,1,13.0,38,12,4,17.0,75,19,32,52.0,63,15,20,22.0,63,16,13,29.0,69,18,30,49.0,51,13,20,21.0,43,11,50,23.0,50,10,34,41.0,43,12,21,30.0,43,10,38,31.0,45,4,63,47.0,20,13,11,7.0,28,6,22,12.0,26,7,27,19.0,32,5,21,17.0,53,3,33,21.0,40,9,24,27.0,40,8,20,13.0,43,4,30,13.0,36,12,29,19.0
22,Gribskov,144,136,141,148,130,136,130,133,89,117,110,90,156,133,169,103,118,135,140,103,107,126,204,95,135,129,97,85,89,111,123,123,137,110,142,147,70,62,156,129,125,152,85,116,114,105,106,154,49,62,78,69,105,84,83,86,77,62,96,0,6.0,46,62,1,1.0,56,57,12,2.0,62,71,11,1.0,73,80,2,5.0,52,72,8,2.0,44,47,7,0.0,79,71,14,2.0,39,69,10,1.0,66,73,3,2.0,53,59,4,2.0,35,48,21,0.0,66,59,5,3.0,63,58,20,0.0,82,67,10,2.0,44,49,11,0.0,45,39,3,4.0,67,51,7,1.0,46,54,8,1.0,60,70,14,4.0,45,29,14,3.0,53,63,3,4.0,45,59,5,3.0,28,31,13,3.0,49,40,16,2.0,49,26,12,0.0,36,35,24,5.0,26,27,7,2.0,34,26,9,0.0,43,41,25,5.0,46,40,29,14.0,26,22,21,22.0,33,40,73,7.0,26,51,28,13.0,38,47,32,53.0,30,37,69,25.0,28,29,5,16.0,24,26,4,9.0,58,51,53,33.0,32,23,19,30.0,25,21,14,36.0,39,27,45,23.0,35,31,13,30.0,28,42,53,54.0,16,18,48,35.0,17,26,38,37.0,20,11,29,32.0,15,22,87,65.0,22,12,19,7.0,21,18,24,17.0,22,26,41,33.0,25,15,36,36.0,24,22,30,34.0,23,24,46,23.0,15,14,47,17.0,23,20,21,25.0,20,24,35,29.0
23,Halsnaes,98,79,91,83,103,84,69,112,60,88,72,50,98,92,120,72,73,89,64,77,65,78,69,46,77,93,61,47,55,74,83,54,67,61,81,63,53,46,102,62,65,82,70,68,51,53,53,54,43,39,50,39,42,44,33,46,54,185,80,0,10.0,131,66,1,7.0,151,64,1,4.0,145,63,0,9.0,157,73,1,2.0,154,65,0,4.0,118,52,1,3.0,156,87,0,1.0,110,58,0,3.0,113,67,0,2.0,169,57,0,2.0,129,41,0,2.0,177,59,3,3.0,154,58,2,2.0,201,89,4,7.0,131,50,3,1.0,155,64,2,2.0,134,52,9,1.0,123,66,0,2.0,145,48,4,3.0,127,40,5,4.0,143,57,2,9.0,140,54,2,5.0,101,51,12,2.0,141,45,1,13.0,131,37,6,8.0,112,50,10,10.0,94,37,6,4.0,102,25,7,9.0,142,46,10,8.0,153,51,4,20.0,130,31,11,30.0,132,32,16,28.0,117,48,12,19.0,141,50,21,31.0,118,51,38,47.0,62,20,5,26.0,66,35,1,19.0,201,50,18,43.0,102,46,15,40.0,110,22,11,45.0,114,52,20,50.0,87,23,12,43.0,91,25,21,50.0,65,23,42,50.0,68,20,26,36.0,60,22,24,58.0,79,17,50,76.0,56,27,12,14.0,70,19,23,26.0,86,27,36,29.0,74,17,16,21.0,79,17,33,35.0,84,27,26,33.0,45,7,11,17.0,75,34,30,25.0,109,11,29,33.0
24,Helsingoer,285,199,217,229,244,230,172,236,180,191,236,178,246,223,278,184,203,197,184,217,168,212,207,152,200,169,167,135,142,208,222,182,219,206,231,228,112,106,341,181,175,214,172,231,144,142,152,210,88,125,157,121,153,142,98,136,183,139,42,1,1.0,129,43,0,0.0,144,69,0,1.0,104,43,2,2.0,135,79,1,1.0,125,68,0,0.0,116,48,2,0.0,138,51,0,4.0,93,42,0,0.0,161,50,6,1.0,140,65,1,1.0,92,78,5,0.0,203,62,6,0.0,161,58,9,0.0,169,59,16,4.0,107,59,14,1.0,138,49,12,1.0,131,60,24,1.0,125,49,4,1.0,130,69,7,0.0,132,63,14,1.0,140,46,9,1.0,108,57,5,0.0,92,62,28,2.0,159,53,13,3.0,120,39,14,2.0,112,77,37,3.0,74,33,13,3.0,85,29,12,2.0,148,27,30,3.0,129,60,13,16.0,130,46,19,19.0,96,49,64,10.0,100,51,38,8.0,117,43,60,12.0,85,44,101,14.0,68,44,18,1.0,74,40,10,3.0,135,51,41,25.0,92,72,25,12.0,91,94,18,20.0,80,140,43,12.0,74,64,19,9.0,94,45,68,8.0,67,53,72,4.0,57,55,39,11.0,59,34,52,16.0,69,31,84,13.0,71,28,21,3.0,53,48,25,2.0,79,83,41,6.0,64,58,16,2.0,59,74,27,6.0,65,71,42,5.0,43,31,26,2.0,67,34,47,7.0,61,67,53,2.0
25,Hilleroed,219,197,223,185,214,200,183,249,162,234,208,158,277,246,270,169,207,192,206,197,195,209,169,158,226,174,197,120,124,227,235,211,221,197,215,231,106,130,290,179,156,226,131,195,179,145,141,220,124,108,166,134,127,165,110,135,126,84,81,1,0.0,82,53,0,0.0,106,69,1,0.0,140,77,2,0.0,124,89,0,0.0,98,60,0,0.0,92,46,0,0.0,106,71,0,0.0,73,31,0,0.0,107,56,1,0.0,109,61,2,0.0,87,59,0,0.0,103,63,2,0.0,100,43,0,0.0,143,73,5,0.0,90,55,1,0.0,106,47,0,0.0,122,42,1,0.0,108,44,1,0.0,130,60,0,0.0,100,53,2,0.0,135,53,0,0.0,131,57,1,0.0,116,52,2,0.0,107,69,1,0.0,98,38,1,0.0,133,59,5,0.0,81,28,1,0.0,93,24,3,0.0,100,44,5,0.0,146,37,0,0.0,113,37,1,0.0,110,29,13,0.0,134,37,4,0.0,109,33,6,0.0,114,64,17,0.0,71,24,1,0.0,82,25,1,0.0,115,49,11,0.0,120,19,4,0.0,83,40,6,0.0,73,37,13,0.0,96,19,10,0.0,74,23,10,0.0,47,24,9,0.0,49,25,5,0.0,57,19,11,0.0,47,29,18,0.0,43,15,6,0.0,57,12,6,0.0,77,18,10,0.0,69,32,9,0.0,84,11,9,0.0,117,26,10,0.0,41,26,9,0.0,85,22,11,0.0,107,23,7,0.0
26,Hoersholm,132,127,178,184,209,168,141,159,116,159,176,165,171,160,208,152,161,192,158,207,171,187,193,193,163,143,225,122,129,142,224,192,182,210,226,221,136,132,217,237,224,256,202,194,177,167,147,193,90,145,229,179,225,237,100,174,232,152,28,0,6.0,158,19,0,4.0,184,27,0,4.0,161,21,0,10.0,200,29,0,6.0,169,24,0,25.0,135,26,0,12.0,196,22,0,16.0,101,23,0,2.0,131,27,0,0.0,169,20,0,4.0,117,15,0,0.0,217,9,0,17.0,183,19,0,7.0,316,34,0,16.0,157,16,0,3.0,148,29,0,4.0,162,21,0,0.0,125,26,0,2.0,162,17,0,17.0,123,21,0,6.0,147,24,0,4.0,145,22,0,19.0,91,15,0,7.0,151,25,0,21.0,122,27,0,7.0,127,14,0,7.0,102,17,0,2.0,107,8,0,6.0,144,13,0,18.0,141,13,0,25.0,158,11,0,26.0,147,9,0,24.0,121,19,0,38.0,105,9,0,26.0,117,27,0,47.0,57,14,0,15.0,62,14,0,24.0,124,18,0,58.0,83,7,0,58.0,125,18,0,43.0,110,5,0,63.0,72,11,0,33.0,88,17,0,41.0,75,12,0,50.0,45,5,0,27.0,97,14,0,79.0,64,11,0,80.0,44,6,0,17.0,65,11,0,14.0,74,11,0,38.0,74,8,0,26.0,62,12,0,40.0,77,7,0,62.0,32,5,0,32.0,79,11,0,43.0,44,5,0,40.0
27,Rudersdal,244,218,257,249,292,233,186,268,135,195,233,183,289,237,412,227,209,229,175,232,194,218,212,173,246,182,233,147,152,226,211,244,268,215,229,329,125,116,257,167,228,240,153,229,221,145,226,253,94,128,162,143,135,178,101,173,153,62,0,8,12.0,47,0,0,5.0,60,0,1,3.0,58,0,3,9.0,66,0,3,2.0,75,0,0,5.0,55,0,4,17.0,53,0,4,20.0,35,0,5,1.0,47,0,5,0.0,48,0,1,2.0,29,0,0,5.0,65,0,0,22.0,66,0,2,15.0,101,0,16,17.0,67,0,7,0.0,79,0,5,2.0,61,0,13,10.0,67,0,5,4.0,70,0,1,26.0,53,0,9,9.0,70,0,2,1.0,68,0,5,10.0,37,0,8,1.0,61,0,9,29.0,47,0,6,15.0,54,0,20,4.0,33,0,6,9.0,40,0,5,27.0,62,0,7,17.0,71,0,7,34.0,49,0,13,35.0,46,0,23,33.0,30,0,14,35.0,45,0,25,44.0,41,0,49,65.0,28,0,3,12.0,13,0,5,18.0,77,0,19,57.0,47,0,13,36.0,48,0,15,43.0,49,0,30,74.0,36,0,11,43.0,28,0,31,45.0,23,0,50,77.0,28,0,33,40.0,30,0,36,47.0,19,0,84,78.0,24,0,13,5.0,20,0,27,19.0,33,0,29,37.0,24,0,17,14.0,33,0,30,34.0,28,0,29,59.0,23,0,28,34.0,26,0,28,35.0,27,0,43,26.0
28,Bornholm,92,66,89,83,96,99,81,79,58,76,71,44,76,85,144,85,109,84,95,87,77,95,91,56,90,77,76,54,53,83,100,80,78,61,72,99,44,31,131,70,92,79,66,63,48,49,71,61,39,39,60,43,60,50,39,55,41,0,103,0,0.0,0,82,3,0.0,0,82,1,4.0,0,78,1,0.0,0,97,0,1.0,0,103,3,0.0,0,61,0,3.0,1,103,1,3.0,0,68,6,3.0,1,90,3,0.0,0,108,2,2.0,0,73,3,0.0,0,84,4,3.0,0,55,4,1.0,0,67,6,0.0,0,87,4,0.0,0,84,4,0.0,0,76,4,1.0,0,79,2,2.0,0,82,8,0.0,0,73,9,1.0,0,96,3,1.0,0,73,2,2.0,0,54,14,0.0,0,89,3,2.0,0,62,3,4.0,0,45,12,2.0,0,36,11,1.0,0,48,8,2.0,0,62,10,7.0,0,76,10,13.0,0,63,16,10.0,0,66,38,5.0,0,70,13,8.0,0,61,27,10.0,0,54,43,10.0,0,38,4,4.0,0,52,3,11.0,0,79,48,19.0,0,32,19,12.0,0,43,12,13.0,0,52,35,17.0,0,44,40,13.0,0,36,53,15.0,0,53,48,13.0,0,46,56,15.0,0,43,46,8.0,0,33,62,22.0,0,47,26,3.0,0,46,35,7.0,0,52,57,6.0,0,41,39,8.0,0,44,31,7.0,0,45,51,5.0,0,38,19,4.0,0,51,34,8.0,0,36,30,7.0
29,Christiansoe,0,0,0,0,0,0,0,1,0,1,0,0,0,0,0,0,0,0,0,0,0,0,0,0,0,0,0,0,0,0,0,0,0,0,0,0,0,0,0,0,0,0,0,0,0,0,0,0,0,0,0,0,0,0,0,0,0,120,172,1,4.0,116,157,0,2.0,121,137,1,6.0,121,189,3,4.0,138,201,1,1.0,116,169,1,5.0,111,129,0,6.0,120,133,0,6.0,84,95,2,2.0,147,139,2,0.0,152,130,0,3.0,85,58,1,0.0,158,105,2,4.0,150,95,3,2.0,214,140,0,6.0,116,137,3,3.0,134,106,3,2.0,99,130,2,3.0,148,100,0,4.0,154,107,2,6.0,126,107,2,6.0,159,89,0,4.0,146,92,5,7.0,92,107,8,9.0,128,88,5,8.0,115,67,1,5.0,119,75,10,8.0,64,48,1,11.0,92,64,1,12.0,141,67,7,15.0,131,60,3,46.0,99,74,8,29.0,103,92,19,19.0,65,86,7,27.0,97,102,12,26.0,138,132,17,45.0,97,77,3,18.0,45,39,3,20.0,132,70,15,73.0,113,59,2,56.0,93,53,15,57.0,109,124,19,75.0,75,30,9,39.0,99,41,20,44.0,50,50,29,41.0,48,55,11,54.0,68,79,22,45.0,66,83,32,68.0,64,62,16,15.0,51,57,7,24.0,116,72,12,36.0,72,42,10,19.0,59,55,60,38.0,49,38,17,33.0,29,31,9,20.0,59,77,17,33.0,58,78,17,21.0
30,Greve,237,202,208,212,244,244,188,243,159,242,265,158,259,214,313,213,227,188,234,254,214,261,243,161,247,190,191,108,151,228,239,201,216,187,209,288,153,126,288,216,194,254,163,207,203,154,226,263,141,138,235,156,173,185,127,181,177,163,34,1,0.0,113,35,0,2.0,114,28,3,1.0,144,32,3,2.0,123,33,3,2.0,154,32,3,2.0,134,25,1,4.0,153,44,2,1.0,112,18,1,1.0,182,24,4,1.0,135,27,8,1.0,92,13,3,2.0,194,25,4,0.0,154,25,1,0.0,231,43,8,0.0,129,28,6,0.0,165,22,9,0.0,135,24,18,0.0,114,22,11,0.0,164,28,8,0.0,121,31,11,0.0,167,21,5,2.0,154,22,4,1.0,137,23,22,2.0,188,22,11,5.0,112,23,9,2.0,123,23,29,3.0,97,17,5,3.0,109,23,10,1.0,163,23,7,7.0,147,20,6,13.0,148,15,21,13.0,135,30,52,5.0,124,20,21,7.0,128,29,32,4.0,135,19,67,11.0,64,11,6,5.0,69,13,7,12.0,196,17,33,26.0,103,10,20,19.0,122,23,21,14.0,98,13,49,21.0,100,11,28,13.0,94,11,59,16.0,80,2,55,11.0,79,5,46,18.0,108,6,51,17.0,68,10,97,21.0,77,11,28,7.0,80,8,27,6.0,107,9,46,6.0,59,16,20,7.0,59,7,57,11.0,97,11,52,10.0,53,4,26,12.0,84,3,48,15.0,77,10,63,16.0
31,Koege,347,278,255,343,326,331,280,307,214,324,269,158,325,268,394,270,277,279,220,305,246,260,258,259,308,197,214,165,208,257,251,273,298,258,301,375,157,129,371,217,230,331,213,233,255,230,280,291,170,191,273,154,179,245,137,230,211,70,116,0,4.0,42,102,0,0.0,46,107,0,2.0,42,99,1,0.0,51,134,0,0.0,50,112,0,3.0,29,109,0,2.0,43,118,0,1.0,30,69,4,0.0,45,97,1,0.0,51,104,2,3.0,34,95,0,0.0,53,103,0,4.0,42,103,1,2.0,70,138,3,1.0,51,82,1,1.0,35,102,0,2.0,43,96,3,0.0,51,103,1,2.0,44,126,2,3.0,38,85,3,2.0,57,82,0,1.0,47,82,1,4.0,36,81,7,2.0,39,86,3,2.0,42,73,2,2.0,43,103,6,2.0,29,58,1,3.0,38,66,1,3.0,54,72,6,2.0,43,51,4,7.0,57,58,7,10.0,29,74,11,6.0,32,65,10,9.0,41,81,7,12.0,33,80,24,12.0,16,63,2,6.0,24,64,3,4.0,35,67,5,27.0,31,38,5,15.0,39,71,5,18.0,45,69,11,15.0,27,27,11,17.0,25,50,18,16.0,17,35,22,21.0,19,45,10,18.0,20,35,18,22.0,24,53,25,15.0,22,29,5,7.0,15,31,13,8.0,15,52,24,6.0,11,51,7,8.0,23,44,15,10.0,31,29,22,8.0,21,26,8,4.0,16,53,10,11.0,15,45,15,7.0
32,Lejre,105,77,79,77,86,83,57,90,53,71,80,48,83,71,113,82,60,70,75,74,72,79,76,67,68,70,78,48,64,91,79,90,83,67,92,79,34,51,86,55,90,94,60,71,61,50,56,88,52,37,42,45,97,64,38,44,49,201,31,0,1.0,172,31,0,3.0,195,25,0,0.0,179,25,1,2.0,239,39,3,1.0,191,41,1,5.0,181,27,0,0.0,158,26,0,7.0,127,20,1,2.0,164,32,2,2.0,165,31,1,0.0,131,23,0,0.0,234,22,0,6.0,178,18,1,1.0,274,36,0,5.0,171,15,0,2.0,170,23,3,1.0,162,27,2,0.0,154,22,3,2.0,175,17,7,0.0,176,17,3,6.0,186,23,0,5.0,177,25,2,5.0,127,16,4,3.0,162,16,1,15.0,173,13,2,15.0,131,26,4,13.0,127,14,3,8.0,132,7,3,4.0,192,16,6,10.0,186,16,6,16.0,159,18,7,20.0,161,20,7,13.0,144,19,6,22.0,148,25,12,10.0,165,23,14,24.0,73,11,5,10.0,69,15,2,7.0,181,14,9,47.0,118,13,6,24.0,119,11,6,31.0,139,19,8,31.0,103,7,11,16.0,101,11,16,15.0,86,13,18,21.0,100,5,16,19.0,88,5,16,33.0,81,9,25,37.0,64,7,8,11.0,75,18,10,6.0,100,15,14,17.0,106,7,9,12.0,93,2,17,19.0,101,4,16,15.0,73,12,11,10.0,94,12,12,19.0,75,14,20,13.0
33,Roskilde,322,276,311,285,377,311,297,284,199,265,280,229,345,284,426,262,283,279,272,315,278,277,270,239,267,260,271,201,220,286,289,267,306,257,287,357,160,160,354,232,268,332,197,254,217,245,219,299,136,157,234,196,232,215,145,228,204,71,58,2,6.0,57,53,0,0.0,45,62,2,3.0,51,52,1,6.0,63,60,1,4.0,56,75,2,3.0,56,58,0,1.0,36,57,0,13.0,28,34,0,1.0,36,44,0,2.0,71,46,1,3.0,31,44,1,1.0,79,46,2,8.0,63,45,1,3.0,84,81,2,6.0,44,51,1,3.0,61,48,2,4.0,42,48,2,1.0,50,34,0,3.0,59,56,2,9.0,38,40,5,2.0,59,50,0,8.0,65,43,3,8.0,36,28,7,2.0,53,46,5,15.0,41,28,1,5.0,49,45,6,7.0,44,37,2,9.0,48,42,6,6.0,58,27,7,24.0,66,41,4,27.0,46,38,8,46.0,44,41,17,17.0,44,44,9,23.0,43,35,12,25.0,51,44,19,35.0,27,48,3,15.0,24,35,5,18.0,45,51,12,41.0,47,30,5,42.0,40,77,7,39.0,43,29,11,45.0,37,20,11,37.0,28,38,24,48.0,24,16,28,36.0,15,23,10,36.0,18,25,14,57.0,26,21,44,57.0,23,24,13,19.0,21,19,6,20.0,23,29,18,23.0,35,23,8,18.0,35,19,18,27.0,31,18,17,18.0,17,5,17,27.0,25,24,18,27.0,16,22,25,37.0
34,Solroed,102,90,71,79,104,99,87,63,53,70,105,56,101,82,123,60,84,72,73,78,58,84,92,61,77,58,84,62,57,87,99,84,80,80,79,109,45,54,90,84,70,94,68,73,70,48,58,81,42,58,68,56,63,67,49,62,61,68,86,0,3.0,48,88,0,2.0,65,78,2,4.0,49,78,2,1.0,60,115,1,3.0,62,85,1,3.0,54,63,1,2.0,55,128,0,3.0,38,50,1,1.0,57,55,5,0.0,60,55,0,1.0,29,49,4,1.0,78,89,3,4.0,63,58,3,2.0,94,93,9,2.0,81,54,7,1.0,56,60,2,2.0,55,54,6,2.0,48,52,6,2.0,58,67,2,2.0,49,57,7,2.0,67,62,0,2.0,50,55,0,1.0,30,29,7,1.0,73,61,11,6.0,59,48,11,3.0,62,56,13,6.0,37,34,4,4.0,33,31,5,3.0,67,51,12,5.0,61,61,2,25.0,57,53,14,19.0,56,51,44,14.0,44,48,18,10.0,45,53,26,19.0,42,61,51,17.0,24,15,8,15.0,30,25,4,6.0,66,39,26,34.0,45,37,19,22.0,44,35,15,16.0,70,41,29,25.0,47,17,28,13.0,35,16,42,18.0,31,23,61,15.0,38,15,40,29.0,49,15,45,17.0,22,22,70,27.0,28,18,32,7.0,18,21,30,4.0,33,34,32,11.0,26,20,28,7.0,29,23,22,16.0,27,26,30,11.0,14,12,38,8.0,21,15,27,9.0,26,16,53,9.0
35,Faxe,130,101,129,102,123,141,114,113,73,103,110,73,128,111,176,133,109,105,87,124,94,118,99,64,122,91,113,80,81,102,115,112,110,103,104,112,83,71,153,96,145,122,95,105,86,95,112,83,67,55,82,66,75,69,34,68,75,128,118,0,3.0,99,113,0,2.0,128,107,0,0.0,126,92,0,2.0,140,119,0,0.0,127,136,1,0.0,110,108,0,1.0,139,127,0,6.0,88,79,1,0.0,104,99,2,0.0,92,77,1,2.0,49,90,1,1.0,150,103,3,4.0,137,113,2,2.0,169,115,1,1.0,106,84,1,2.0,126,94,0,1.0,116,77,1,2.0,123,58,3,1.0,136,87,0,1.0,114,55,2,7.0,92,97,2,5.0,97,84,2,4.0,83,67,6,3.0,159,96,5,8.0,114,92,6,8.0,98,71,7,5.0,57,55,3,2.0,63,63,2,6.0,102,66,3,7.0,95,72,6,11.0,93,89,4,9.0,88,73,15,7.0,74,67,5,4.0,86,77,14,12.0,109,100,16,11.0,54,45,3,3.0,50,41,1,4.0,110,65,18,19.0,78,45,6,13.0,76,39,10,18.0,102,45,8,23.0,70,28,6,14.0,65,38,15,12.0,74,32,21,19.0,62,38,16,24.0,73,27,13,9.0,56,24,34,12.0,65,24,5,2.0,64,36,10,4.0,89,29,17,8.0,59,29,11,4.0,65,28,13,9.0,65,39,18,11.0,37,25,9,17.0,43,41,14,11.0,56,34,16,6.0
36,Guldborgsund,217,190,208,207,257,219,173,274,140,161,148,99,247,197,269,163,189,172,177,205,182,159,160,122,240,178,173,101,104,170,176,174,169,153,161,213,82,87,208,144,149,185,114,120,146,106,135,159,107,97,158,99,125,123,76,95,110,147,60,0,4.0,121,45,0,3.0,126,57,0,5.0,123,39,0,3.0,133,75,0,0.0,137,68,0,3.0,109,37,0,2.0,177,62,0,2.0,91,33,0,0.0,122,48,0,1.0,105,46,0,2.0,92,53,0,0.0,187,55,3,10.0,113,51,0,6.0,168,51,1,4.0,144,32,3,0.0,154,44,1,2.0,116,40,2,1.0,112,37,0,2.0,108,50,1,0.0,121,32,2,5.0,145,37,0,3.0,96,34,1,4.0,92,31,1,3.0,179,48,0,12.0,128,48,1,9.0,118,40,0,3.0,82,23,3,16.0,106,20,0,8.0,127,22,3,12.0,123,32,1,19.0,105,19,4,17.0,119,38,9,24.0,119,35,3,16.0,116,36,6,20.0,107,48,9,41.0,90,20,1,8.0,90,23,1,17.0,194,36,5,50.0,132,20,8,41.0,119,23,1,34.0,117,20,7,47.0,98,19,6,34.0,96,9,10,24.0,82,19,6,28.0,84,19,9,29.0,59,15,14,34.0,54,20,16,48.0,82,18,8,18.0,63,17,6,10.0,98,19,4,25.0,63,19,3,10.0,80,11,11,22.0,76,14,13,27.0,53,10,5,18.0,58,7,5,22.0,68,10,13,15.0
37,Holbaek,271,234,238,223,257,277,219,317,172,228,185,187,301,232,298,238,254,200,179,206,185,250,188,168,301,236,209,150,180,229,224,254,253,227,244,293,158,153,326,238,212,236,191,224,211,198,188,205,157,149,182,138,157,163,143,153,192,93,35,0,0.0,95,46,0,2.0,94,53,1,1.0,92,41,1,1.0,76,64,2,0.0,87,44,1,0.0,83,29,1,0.0,102,51,1,3.0,55,30,4,1.0,84,36,2,0.0,77,25,3,0.0,58,19,1,0.0,125,30,4,3.0,128,32,1,0.0,144,40,6,2.0,85,40,4,1.0,79,34,1,1.0,75,22,6,0.0,65,34,2,1.0,92,34,2,2.0,78,32,8,1.0,97,20,2,3.0,78,32,4,4.0,41,25,10,0.0,86,25,5,4.0,68,32,3,1.0,57,33,21,6.0,44,18,4,5.0,69,25,3,4.0,78,28,17,6.0,71,34,2,17.0,77,20,16,14.0,81,28,25,5.0,55,24,11,3.0,53,26,21,10.0,69,31,49,7.0,37,15,7,3.0,39,22,5,5.0,93,21,25,22.0,59,21,19,15.0,60,22,29,10.0,51,28,38,14.0,49,14,13,12.0,58,13,45,12.0,46,20,37,11.0,38,9,26,14.0,36,23,77,9.0,46,11,52,16.0,38,13,14,6.0,40,11,19,7.0,35,16,34,14.0,36,10,22,8.0,42,12,51,7.0,43,17,35,10.0,27,4,27,1.0,35,19,27,5.0,23,23,40,6.0
38,Kalundborg,156,142,155,132,154,159,122,167,90,134,125,113,187,183,198,119,125,118,107,144,114,138,115,79,145,125,110,74,94,108,134,119,148,105,122,150,75,69,181,107,109,104,87,100,101,102,81,127,68,71,82,73,82,86,54,65,58,38,80,0,1.0,62,86,0,1.0,88,83,0,5.0,70,103,1,1.0,84,109,1,2.0,69,107,0,4.0,57,71,0,5.0,74,100,0,3.0,35,68,2,1.0,65,90,1,1.0,62,81,0,1.0,59,65,0,0.0,78,61,1,3.0,74,90,0,2.0,99,90,1,3.0,44,65,2,0.0,65,84,0,2.0,77,82,3,0.0,56,64,2,1.0,57,76,2,1.0,49,81,4,4.0,57,78,0,3.0,55,62,0,1.0,40,58,6,2.0,71,93,1,6.0,84,67,2,2.0,67,73,4,6.0,34,56,1,5.0,38,56,3,5.0,62,76,2,10.0,69,65,6,13.0,76,72,4,15.0,39,72,18,6.0,59,76,3,11.0,45,70,4,14.0,43,110,19,14.0,18,28,2,8.0,17,41,3,3.0,57,84,9,24.0,52,53,4,14.0,61,39,4,19.0,53,45,11,25.0,24,25,7,16.0,49,31,19,28.0,31,34,22,17.0,37,35,9,18.0,27,21,14,11.0,23,25,23,28.0,30,31,7,10.0,26,35,4,7.0,32,37,10,12.0,24,18,3,10.0,36,36,24,11.0,25,24,11,17.0,20,20,16,6.0,22,25,8,14.0,23,24,10,9.0
39,Lolland,76,110,141,113,148,113,87,131,65,101,89,79,115,108,141,89,101,103,91,93,90,82,92,69,104,125,105,57,69,100,115,109,83,90,89,94,37,44,102,94,102,111,58,84,76,79,73,62,53,47,60,41,68,66,46,57,65,154,36,0,7.0,129,35,0,4.0,149,31,1,3.0,142,36,2,4.0,167,28,2,2.0,161,38,0,4.0,151,36,2,5.0,161,39,0,6.0,99,17,2,3.0,116,32,1,1.0,135,27,0,3.0,94,18,1,0.0,230,39,2,4.0,145,32,3,13.0,215,40,4,2.0,128,19,4,3.0,148,30,3,3.0,128,26,2,5.0,116,19,1,5.0,116,28,7,6.0,127,30,4,5.0,146,35,0,8.0,119,26,2,5.0,99,15,6,4.0,146,22,5,9.0,122,25,7,9.0,138,23,4,12.0,100,17,1,2.0,114,22,7,7.0,135,25,4,14.0,152,26,4,28.0,125,29,10,35.0,117,24,9,18.0,120,31,12,23.0,106,26,11,20.0,139,33,29,39.0,71,14,3,13.0,87,18,12,13.0,162,25,14,54.0,101,15,8,42.0,120,23,6,32.0,128,27,20,40.0,89,17,9,23.0,101,13,27,35.0,89,9,19,33.0,58,18,8,37.0,101,8,23,40.0,45,13,25,42.0,68,2,21,11.0,74,20,12,13.0,99,16,22,27.0,60,15,7,25.0,107,8,22,23.0,73,14,24,27.0,46,6,23,17.0,65,6,19,28.0,58,5,26,20.0
40,Naestved,238,218,238,249,278,272,225,264,171,209,221,160,305,242,315,197,235,217,184,194,221,229,189,170,256,201,235,176,181,240,238,230,238,223,217,339,114,150,321,214,222,258,161,201,188,148,233,170,131,138,195,110,216,159,111,139,137,69,71,0,0.0,50,64,1,0.0,61,56,1,0.0,51,54,3,0.0,49,73,0,0.0,48,67,2,4.0,55,44,0,1.0,56,61,1,3.0,40,50,1,0.0,46,55,2,2.0,54,45,2,1.0,38,58,1,0.0,75,64,3,1.0,49,55,2,1.0,77,73,7,2.0,51,34,1,1.0,51,35,0,2.0,48,56,3,0.0,50,46,2,1.0,44,42,4,1.0,54,40,4,3.0,62,57,0,1.0,40,35,2,3.0,26,44,10,0.0,39,50,3,2.0,49,45,4,3.0,42,39,6,3.0,19,36,5,2.0,34,31,5,6.0,36,44,10,5.0,47,44,4,15.0,42,49,14,15.0,46,46,23,4.0,40,50,13,1.0,40,41,15,9.0,36,86,29,13.0,22,25,4,4.0,25,34,4,6.0,53,45,28,20.0,31,27,10,10.0,33,31,19,6.0,46,30,24,9.0,30,22,21,9.0,23,22,28,12.0,13,25,32,13.0,19,11,24,12.0,14,25,34,10.0,20,28,50,13.0,26,29,25,1.0,25,12,19,3.0,33,20,30,3.0,23,13,23,7.0,36,34,23,9.0,40,24,19,8.0,11,7,18,6.0,13,35,27,4.0,19,21,33,7.0
41,Odsherred,105,87,93,89,78,86,91,98,60,79,81,56,118,81,120,73,82,77,72,76,89,100,70,47,66,77,75,42,63,69,96,89,93,77,80,95,41,51,109,65,70,98,66,67,55,60,45,72,41,56,73,49,75,75,34,32,40,68,129,0,0.0,76,101,1,0.0,67,96,1,2.0,67,117,1,2.0,65,133,0,0.0,76,125,1,1.0,63,104,0,0.0,86,129,0,0.0,55,61,1,0.0,76,101,1,1.0,67,82,0,2.0,42,74,2,0.0,114,84,2,3.0,83,95,0,1.0,88,115,2,0.0,72,60,2,0.0,95,96,1,1.0,52,80,1,1.0,67,65,0,0.0,76,82,0,2.0,67,88,4,0.0,93,86,0,0.0,91,69,1,2.0,44,65,10,0.0,70,82,3,2.0,66,91,2,2.0,58,75,5,3.0,44,58,2,3.0,64,51,2,1.0,78,70,5,2.0,74,79,2,6.0,80,60,9,12.0,71,82,18,6.0,53,68,3,6.0,53,76,10,8.0,71,73,17,11.0,34,49,3,6.0,54,48,1,4.0,90,68,11,20.0,63,49,6,9.0,61,41,6,13.0,62,59,10,11.0,31,47,5,12.0,58,43,13,8.0,28,24,14,16.0,50,28,12,6.0,49,42,20,8.0,39,26,20,15.0,38,26,8,3.0,42,53,3,4.0,31,32,6,4.0,52,48,4,1.0,48,39,11,13.0,61,37,11,5.0,30,20,5,2.0,40,24,8,6.0,43,22,10,5.0
42,Ringsted,140,141,129,124,142,147,114,150,108,133,113,101,183,143,168,110,135,110,115,126,115,153,129,96,131,120,107,86,107,136,135,154,132,126,119,200,70,103,173,112,117,137,78,135,89,87,108,120,98,73,85,82,115,126,66,108,99,153,61,0,1.0,139,51,0,1.0,151,31,0,2.0,138,34,0,1.0,175,53,1,1.0,143,31,0,3.0,141,35,0,3.0,162,60,0,2.0,95,24,2,1.0,137,47,2,0.0,143,36,0,1.0,101,26,1,0.0,161,43,0,0.0,138,23,1,3.0,199,53,0,4.0,117,27,2,2.0,179,33,2,0.0,121,36,1,0.0,136,31,1,1.0,164,50,1,3.0,136,69,4,3.0,143,43,1,1.0,132,31,3,3.0,76,26,6,4.0,152,37,0,3.0,125,22,1,3.0,120,22,3,1.0,84,16,0,3.0,109,14,2,2.0,154,35,4,8.0,139,25,5,10.0,179,30,5,7.0,129,17,11,12.0,100,37,2,7.0,108,31,10,10.0,109,26,15,14.0,83,9,2,10.0,70,28,1,1.0,145,22,7,31.0,107,17,8,15.0,122,22,4,12.0,114,16,17,15.0,73,13,6,12.0,82,20,13,11.0,96,17,11,18.0,83,13,1,22.0,90,13,11,13.0,73,17,12,19.0,83,12,5,3.0,56,12,10,7.0,104,9,12,4.0,79,22,5,7.0,71,12,5,13.0,85,4,11,15.0,43,16,10,8.0,73,19,12,10.0,68,16,18,4.0
43,Slagelse,289,245,251,262,310,274,250,298,160,241,230,176,252,248,323,181,278,209,208,256,233,237,208,155,246,229,213,149,172,248,250,288,252,204,219,250,149,135,295,208,214,237,164,188,185,172,206,191,145,141,193,175,156,168,98,152,143,54,40,0,3.0,52,22,0,0.0,57,23,0,2.0,56,36,4,2.0,66,32,0,2.0,60,37,0,0.0,52,23,0,2.0,56,35,1,2.0,27,22,2,0.0,49,19,3,1.0,57,23,2,0.0,25,18,2,0.0,76,17,1,2.0,63,17,0,2.0,88,35,3,4.0,45,15,4,1.0,47,23,4,1.0,36,33,10,1.0,43,16,1,2.0,64,22,10,0.0,46,20,9,1.0,36,16,2,1.0,39,14,0,5.0,42,34,7,1.0,61,19,1,4.0,53,21,1,2.0,37,16,7,5.0,27,10,2,2.0,27,13,3,3.0,51,16,5,13.0,55,15,2,20.0,60,12,2,19.0,40,15,12,9.0,33,18,12,4.0,47,26,10,12.0,42,21,21,22.0,55,13,5,24.0,22,12,4,13.0,59,13,14,25.0,33,14,9,21.0,37,24,7,19.0,37,11,18,29.0,34,7,12,17.0,33,10,14,24.0,23,5,19,21.0,22,10,14,24.0,22,5,24,15.0,20,9,22,40.0,18,11,15,9.0,37,9,12,5.0,30,7,21,11.0,26,12,13,3.0,37,6,18,13.0,26,6,20,9.0,23,8,15,8.0,30,15,12,15.0,22,8,22,6.0
44,Soroe,115,104,89,91,119,96,88,119,52,99,94,53,122,87,145,75,83,73,75,115,122,80,74,78,103,80,67,47,49,96,97,114,79,74,97,98,71,57,112,66,71,72,61,78,67,59,65,70,39,55,48,59,69,49,50,61,55,52,60,0,2.0,37,38,0,4.0,44,50,0,1.0,36,51,0,3.0,41,60,1,1.0,47,66,0,2.0,34,41,0,2.0,37,57,2,2.0,24,34,1,0.0,39,49,1,2.0,51,51,1,2.0,24,41,0,0.0,56,34,2,4.0,42,36,0,1.0,55,55,4,2.0,38,25,2,0.0,39,45,1,0.0,40,29,2,1.0,50,42,1,3.0,39,35,1,2.0,39,44,1,1.0,41,38,1,2.0,39,26,0,0.0,30,36,4,1.0,36,47,1,4.0,31,47,4,2.0,32,42,4,5.0,27,34,0,0.0,23,40,1,3.0,34,46,2,10.0,41,35,2,21.0,32,27,2,20.0,36,39,3,9.0,32,34,9,10.0,29,40,14,15.0,30,32,14,26.0,13,24,3,9.0,21,21,2,19.0,53,30,8,27.0,28,32,1,24.0,36,23,5,24.0,25,22,10,36.0,17,24,6,18.0,14,24,17,30.0,13,12,12,21.0,15,11,15,22.0,12,10,22,24.0,29,20,31,26.0,16,24,28,4.0,15,14,9,13.0,19,21,8,8.0,13,17,3,9.0,21,12,32,11.0,23,15,7,14.0,13,8,13,10.0,13,18,12,13.0,16,27,11,10.0
45,Stevns,92,59,69,74,74,85,57,72,48,61,76,43,76,61,90,55,65,75,67,64,63,58,58,70,57,55,54,40,39,56,67,61,68,58,73,77,34,38,93,59,77,64,42,45,45,32,36,65,35,38,42,31,45,45,33,46,47,60,68,0,1.0,55,64,0,0.0,72,52,1,1.0,55,59,3,2.0,69,53,2,0.0,73,69,0,1.0,55,39,0,2.0,72,54,2,1.0,43,32,2,1.0,54,35,1,0.0,47,34,2,0.0,34,27,3,0.0,84,45,1,0.0,64,37,2,3.0,97,55,2,0.0,60,33,0,0.0,46,38,6,0.0,70,37,6,1.0,50,32,0,1.0,72,42,2,0.0,55,31,5,0.0,51,39,0,2.0,65,46,1,1.0,37,32,5,1.0,74,46,2,5.0,53,42,2,2.0,65,34,4,2.0,36,25,2,4.0,39,27,0,0.0,79,28,3,3.0,48,40,4,5.0,55,30,3,6.0,50,22,9,5.0,45,40,7,7.0,49,33,13,4.0,49,42,21,16.0,27,12,5,8.0,29,18,3,6.0,96,35,11,27.0,56,24,5,9.0,51,30,7,12.0,60,33,10,14.0,48,18,10,8.0,39,18,15,17.0,36,14,36,10.0,29,9,10,14.0,36,20,19,16.0,19,21,27,20.0,28,18,7,6.0,29,12,8,11.0,45,24,12,8.0,23,25,9,8.0,24,9,11,7.0,33,16,11,8.0,16,12,14,10.0,26,11,19,4.0,16,13,19,7.0
46,Vordingborg,121,94,124,111,130,142,99,132,80,106,101,77,119,103,159,91,95,109,94,120,111,92,94,84,125,104,115,75,84,138,95,91,113,98,109,116,66,55,171,112,93,115,96,88,85,76,83,80,70,62,91,60,67,83,47,66,69,77,85,1,0.0,60,57,0,0.0,76,62,0,0.0,59,82,1,0.0,79,70,0,0.0,85,74,0,0.0,51,52,0,0.0,48,55,0,0.0,49,47,0,1.0,82,64,0,0.0,66,47,0,1.0,50,40,0,0.0,89,55,0,0.0,50,43,0,0.0,96,48,2,0.0,61,44,1,0.0,76,40,1,0.0,71,50,1,0.0,58,51,0,1.0,92,54,2,0.0,49,45,2,0.0,58,45,2,1.0,49,41,0,0.0,30,35,2,0.0,61,56,0,1.0,42,44,0,3.0,48,54,1,0.0,45,29,2,1.0,33,28,3,2.0,70,37,0,1.0,56,35,1,4.0,55,42,0,2.0,48,36,2,2.0,35,41,4,1.0,45,41,5,0.0,44,40,6,8.0,28,19,2,1.0,28,27,1,3.0,53,31,5,7.0,54,25,2,2.0,59,36,4,6.0,41,30,5,7.0,50,22,4,5.0,35,31,7,3.0,29,19,5,7.0,22,26,8,2.0,22,28,9,4.0,21,14,17,8.0,23,24,4,0.0,25,26,6,1.0,31,26,6,2.0,22,13,10,1.0,25,27,4,2.0,29,16,3,4.0,19,17,3,0.0,22,22,6,2.0,25,14,13,1.0
47,Assens,148,124,130,120,135,154,92,106,82,119,101,77,138,89,159,97,116,111,93,135,82,99,100,67,112,90,91,72,64,113,118,106,82,88,104,122,67,61,121,100,113,113,91,94,76,70,79,113,78,51,74,53,79,61,52,60,55,80,31,0,5.0,73,28,0,0.0,97,34,0,4.0,79,16,0,4.0,87,31,0,0.0,88,23,1,0.0,54,16,0,0.0,84,20,0,0.0,57,15,1,0.0,61,24,1,2.0,84,27,0,3.0,50,22,0,1.0,88,16,1,4.0,88,20,0,3.0,111,28,2,2.0,67,16,0,0.0,81,15,0,3.0,67,12,1,1.0,72,13,0,1.0,71,15,1,5.0,66,17,0,2.0,62,26,1,3.0,85,16,1,3.0,40,19,1,3.0,88,20,0,7.0,66,16,2,1.0,82,16,1,2.0,51,16,2,3.0,42,8,1,2.0,68,19,0,8.0,51,19,2,20.0,72,21,0,22.0,53,24,2,16.0,61,21,1,16.0,64,16,0,17.0,62,17,2,29.0,26,14,0,12.0,39,15,0,9.0,81,17,2,28.0,47,11,1,15.0,50,21,1,27.0,75,11,3,19.0,37,4,1,14.0,29,22,4,17.0,50,7,1,24.0,33,9,1,18.0,37,3,2,22.0,34,8,4,47.0,35,6,2,8.0,30,4,2,4.0,38,10,2,14.0,32,6,0,14.0,39,10,1,14.0,33,11,1,16.0,28,5,0,8.0,46,12,1,23.0,23,5,2,10.0
48,Faaborg-Midtfyn,167,134,161,167,160,164,108,143,106,128,135,93,148,134,163,111,127,124,126,129,117,109,127,81,150,114,145,82,73,118,111,137,107,119,133,149,59,88,150,101,117,151,87,105,126,91,108,101,70,77,84,63,88,74,69,100,66,50,18,0,2.0,36,9,0,2.0,32,11,0,2.0,28,3,0,0.0,52,11,0,0.0,51,6,1,0.0,37,7,0,0.0,34,10,1,1.0,30,7,2,0.0,39,8,1,2.0,38,6,0,0.0,12,4,1,0.0,48,11,2,2.0,43,6,2,1.0,67,7,4,0.0,34,4,0,0.0,37,10,3,1.0,36,12,5,0.0,43,4,3,2.0,36,9,1,1.0,30,5,2,1.0,34,8,2,2.0,38,8,0,2.0,18,7,7,0.0,45,6,2,2.0,41,8,5,1.0,34,9,9,1.0,18,4,0,1.0,25,7,2,0.0,31,2,6,8.0,36,7,3,16.0,32,5,12,11.0,25,4,23,4.0,33,5,11,6.0,23,3,13,7.0,23,5,20,15.0,16,5,3,8.0,18,1,4,2.0,22,3,10,14.0,22,5,7,13.0,22,5,3,21.0,70,4,22,15.0,17,3,18,9.0,15,1,39,21.0,19,0,31,6.0,10,3,15,11.0,14,0,32,9.0,17,5,20,11.0,16,2,37,2.0,8,1,25,6.0,15,5,22,8.0,14,1,19,8.0,19,3,8,4.0,17,0,20,6.0,10,4,9,4.0,14,2,20,7.0,11,2,18,8.0
49,Kerteminde,83,64,67,47,83,75,55,55,46,63,65,34,64,66,97,51,53,50,57,53,49,64,55,40,70,59,53,40,36,53,61,59,56,65,48,62,40,40,71,44,59,100,33,61,41,41,42,62,32,29,39,38,40,39,28,36,36,16,89,1,1.0,31,51,0,2.0,14,65,0,0.0,22,57,0,1.0,20,67,0,2.0,17,84,0,1.0,11,58,0,3.0,15,60,1,5.0,13,35,2,0.0,13,45,1,1.0,21,62,0,0.0,9,38,0,0.0,12,49,0,0.0,11,37,0,3.0,28,70,1,3.0,9,65,0,1.0,21,48,1,1.0,9,67,2,0.0,14,52,1,2.0,13,47,2,1.0,21,47,0,0.0,8,45,1,1.0,18,64,1,3.0,14,43,2,1.0,14,79,1,4.0,8,41,2,1.0,7,69,1,2.0,10,23,0,1.0,10,28,1,2.0,13,52,4,5.0,14,57,0,18.0,4,34,4,8.0,7,31,3,2.0,11,42,4,3.0,11,49,4,10.0,14,63,6,7.0,8,21,1,7.0,4,30,2,7.0,10,48,5,16.0,12,26,4,13.0,10,45,4,11.0,17,39,3,13.0,5,17,3,11.0,11,34,11,13.0,9,19,14,14.0,5,17,5,12.0,5,16,17,5.0,7,28,17,17.0,4,22,4,3.0,4,19,8,5.0,7,28,10,4.0,7,24,6,7.0,7,29,3,3.0,8,35,6,9.0,5,10,8,4.0,1,21,9,8.0,5,15,10,5.0
50,Langeland,34,40,25,25,31,24,18,25,22,22,28,13,24,17,37,13,31,22,19,23,26,18,27,22,21,21,17,17,20,16,27,11,15,18,14,29,14,8,22,20,22,31,14,19,17,11,11,24,8,8,16,9,13,13,9,6,10,112,36,0,7.0,74,35,0,8.0,79,44,0,6.0,82,27,0,4.0,86,31,1,7.0,76,33,1,8.0,61,28,0,6.0,82,33,0,8.0,60,17,0,1.0,60,20,0,10.0,88,29,1,4.0,36,30,2,6.0,109,29,0,11.0,96,30,2,6.0,107,34,0,8.0,83,17,1,7.0,71,22,0,4.0,79,30,1,8.0,74,25,0,13.0,108,29,1,10.0,92,15,1,10.0,78,21,2,5.0,80,20,1,10.0,63,33,5,9.0,95,28,3,23.0,77,24,7,12.0,71,22,3,14.0,42,16,1,13.0,62,9,1,13.0,69,26,0,34.0,62,31,1,82.0,72,22,5,81.0,63,17,5,29.0,58,19,6,56.0,57,19,5,66.0,68,24,7,103.0,51,10,2,69.0,38,17,1,59.0,77,26,9,153.0,62,12,6,93.0,71,19,1,96.0,53,19,8,143.0,41,7,7,91.0,45,5,14,109.0,37,7,7,139.0,27,10,4,119.0,39,10,12,144.0,36,9,22,165.0,35,15,4,43.0,37,10,11,61.0,50,13,14,79.0,34,9,8,59.0,40,8,9,97.0,29,5,10,70.0,37,5,6,54.0,17,8,12,60.0,35,4,13,54.0
51,Middelfart,206,125,148,143,153,161,119,143,97,108,153,76,164,138,183,148,125,152,130,161,143,128,147,116,183,124,151,68,94,135,142,140,133,127,136,180,87,81,163,110,146,133,90,135,111,77,109,131,102,85,114,91,91,100,64,81,78,40,40,1,3.0,49,40,2,1.0,49,33,3,4.0,54,24,2,0.0,56,45,1,2.0,53,43,3,1.0,49,31,0,2.0,43,30,1,8.0,28,31,2,1.0,31,49,5,0.0,45,27,5,1.0,23,24,2,0.0,61,42,6,1.0,46,34,6,2.0,64,47,11,1.0,35,30,6,1.0,42,34,5,1.0,54,25,24,1.0,48,24,2,0.0,39,38,8,0.0,31,25,23,6.0,46,31,102,5.0,39,28,13,3.0,20,19,16,1.0,41,29,12,8.0,40,21,18,7.0,50,36,32,5.0,37,29,8,4.0,20,18,3,3.0,41,23,21,36.0,36,23,10,27.0,28,19,25,40.0,30,21,74,8.0,22,20,29,12.0,28,15,58,20.0,30,30,84,33.0,16,7,25,26.0,15,15,15,9.0,39,29,59,42.0,35,12,37,34.0,18,17,31,18.0,32,12,62,36.0,32,6,36,24.0,14,7,101,15.0,20,18,92,21.0,16,12,74,20.0,11,18,100,19.0,16,16,172,39.0,15,8,52,4.0,13,17,77,10.0,17,18,95,18.0,16,14,28,7.0,12,10,90,13.0,21,18,84,19.0,15,10,56,13.0,14,13,90,10.0,13,14,97,13.0
52,Nordfyns,79,86,95,81,87,86,77,78,47,54,74,53,92,77,99,52,66,86,76,71,47,70,62,55,72,67,74,54,30,79,83,65,54,51,58,75,35,36,84,64,62,69,51,51,47,42,47,53,36,37,48,39,27,38,32,38,35,57,260,0,0.0,46,291,0,1.0,50,300,3,0.0,52,259,1,0.0,42,357,0,1.0,51,322,7,0.0,62,179,0,0.0,36,319,0,1.0,23,180,4,0.0,34,228,6,0.0,46,219,1,0.0,35,157,8,0.0,48,288,2,0.0,36,215,3,0.0,79,311,6,0.0,34,240,4,1.0,43,254,1,1.0,37,214,4,1.0,33,200,1,1.0,56,240,4,0.0,43,232,5,0.0,43,272,0,0.0,44,224,3,0.0,30,190,3,0.0,52,242,5,2.0,41,220,4,1.0,30,216,13,1.0,33,124,3,1.0,26,152,0,0.0,36,173,8,0.0,45,193,2,1.0,41,235,11,3.0,34,213,25,0.0,22,219,9,2.0,35,239,11,0.0,44,315,31,3.0,19,116,7,1.0,15,166,0,3.0,40,259,23,2.0,28,218,7,1.0,39,231,6,5.0,28,230,13,2.0,25,130,9,0.0,20,141,24,4.0,25,115,35,3.0,16,118,15,2.0,10,105,22,1.0,15,152,35,1.0,17,104,9,0.0,10,113,14,0.0,19,161,14,0.0,12,128,8,1.0,11,135,11,0.0,22,119,21,0.0,19,61,26,2.0,12,118,23,0.0,15,90,18,1.0
53,Nyborg,98,88,83,77,90,96,96,71,54,84,74,61,90,75,129,66,78,63,59,96,69,77,76,55,88,70,71,64,47,64,87,73,62,51,65,88,35,38,94,59,68,61,49,54,64,44,45,70,32,43,55,41,33,59,39,45,47,385,71,0,3.0,396,38,0,0.0,389,49,0,0.0,366,49,0,1.0,429,54,0,1.0,376,40,0,2.0,325,28,1,1.0,370,38,0,2.0,276,16,0,0.0,390,41,0,1.0,377,38,0,0.0,237,34,0,0.0,550,60,0,2.0,448,24,0,3.0,655,59,1,0.0,296,52,0,0.0,420,46,1,1.0,391,45,0,1.0,315,34,0,0.0,467,44,1,0.0,363,30,0,5.0,385,45,0,2.0,360,40,0,4.0,337,32,1,2.0,414,41,0,3.0,375,37,0,2.0,268,35,2,2.0,226,20,0,6.0,268,20,1,2.0,393,33,0,3.0,403,33,0,13.0,344,25,0,15.0,360,36,0,11.0,296,28,0,13.0,322,31,1,15.0,351,47,3,19.0,186,15,0,6.0,206,29,0,9.0,379,31,0,28.0,311,26,0,4.0,298,20,0,19.0,357,16,0,24.0,235,15,1,26.0,234,13,5,17.0,233,18,2,23.0,247,9,4,20.0,224,14,1,20.0,185,15,1,43.0,197,14,2,3.0,178,14,1,16.0,245,11,1,19.0,210,11,0,13.0,232,12,1,17.0,257,9,0,8.0,121,9,2,8.0,182,11,0,7.0,189,11,0,24.0
54,Odense,653,697,698,631,794,709,510,698,459,633,605,402,855,675,985,549,683,637,530,725,628,764,607,552,691,625,530,371,436,621,688,685,676,600,685,853,396,446,850,659,656,792,492,585,579,558,573,674,396,429,580,425,554,530,292,450,430,105,1,0,12.0,62,3,0,6.0,87,3,1,1.0,87,2,1,8.0,117,2,1,6.0,97,2,0,7.0,82,0,0,11.0,93,3,0,12.0,64,2,3,2.0,69,3,1,3.0,115,2,0,6.0,58,2,0,0.0,145,2,3,13.0,96,3,2,3.0,144,4,2,7.0,92,1,2,5.0,99,2,3,7.0,99,0,2,1.0,82,0,1,11.0,76,0,3,4.0,81,1,8,20.0,100,3,0,7.0,82,1,2,5.0,71,1,7,4.0,102,4,6,13.0,80,3,3,7.0,56,5,5,7.0,54,1,1,20.0,60,0,3,12.0,63,2,4,30.0,71,2,5,59.0,54,2,6,55.0,57,3,7,23.0,59,0,3,30.0,74,1,7,26.0,67,1,17,59.0,38,1,3,24.0,28,2,4,23.0,78,1,14,97.0,44,0,2,67.0,71,2,3,71.0,78,3,8,83.0,59,1,8,71.0,38,1,12,58.0,47,3,13,51.0,31,0,10,63.0,47,1,20,70.0,24,1,28,91.0,36,0,6,30.0,40,0,8,39.0,28,1,26,31.0,29,1,3,34.0,30,0,4,41.0,36,1,14,50.0,18,1,10,31.0,26,1,11,31.0,38,1,15,37.0
55,Svendborg,179,101,143,137,173,145,112,139,85,116,155,100,208,125,210,149,147,149,117,124,122,150,128,107,156,128,109,81,83,140,133,130,126,108,136,178,86,66,174,111,115,143,107,90,121,75,102,113,63,78,71,55,66,85,66,70,80,1,57,0,0.0,5,62,0,0.0,3,57,2,0.0,6,63,2,0.0,7,48,2,0.0,6,71,0,0.0,5,36,0,1.0,11,94,0,0.0,3,47,0,0.0,3,55,1,0.0,4,46,1,0.0,2,35,1,0.0,1,47,8,0.0,6,56,1,0.0,5,63,5,0.0,4,40,6,0.0,6,59,3,1.0,6,39,10,0.0,6,33,4,0.0,9,41,2,0.0,4,43,5,0.0,4,45,1,0.0,7,33,1,0.0,1,45,12,0.0,5,72,9,0.0,4,28,10,0.0,5,22,15,0.0,3,27,7,1.0,6,22,1,1.0,4,34,7,1.0,7,29,9,0.0,3,25,14,3.0,2,33,29,2.0,5,31,19,2.0,2,16,20,0.0,1,44,47,0.0,1,15,9,2.0,1,15,2,0.0,6,26,44,1.0,4,13,6,3.0,1,23,15,0.0,6,23,23,2.0,6,11,16,3.0,3,13,33,1.0,3,8,44,1.0,1,13,21,1.0,0,12,34,0.0,2,14,56,0.0,1,5,31,0.0,2,10,24,1.0,2,19,35,0.0,1,11,28,0.0,1,17,31,1.0,1,14,49,1.0,2,9,29,0.0,3,11,36,1.0,0,17,47,1.0
56,Aeroe,2,9,6,8,10,8,6,15,5,6,6,4,3,9,10,6,10,7,7,10,5,7,8,3,11,8,13,5,7,6,10,8,5,7,4,8,3,6,9,5,8,11,8,13,11,7,3,5,3,3,4,3,2,2,7,4,2,60,215,0,12.0,44,181,0,6.0,41,215,0,2.0,48,218,0,10.0,47,218,0,8.0,52,219,0,5.0,42,111,0,6.0,72,198,0,19.0,26,124,0,2.0,39,180,1,4.0,50,155,0,15.0,30,124,0,1.0,55,185,0,18.0,50,138,0,18.0,69,208,0,13.0,35,149,0,13.0,48,136,0,4.0,34,137,0,7.0,35,118,0,8.0,54,153,0,15.0,32,114,0,11.0,37,144,0,34.0,37,128,0,7.0,29,136,0,7.0,57,172,0,37.0,33,126,0,38.0,41,117,0,16.0,20,77,0,11.0,31,97,0,16.0,38,106,0,40.0,39,90,1,61.0,44,120,0,68.0,34,110,2,33.0,34,129,0,43.0,31,103,0,52.0,37,148,0,107.0,24,87,1,32.0,16,77,0,42.0,48,136,0,102.0,26,76,0,67.0,32,119,1,50.0,28,132,0,96.0,21,66,0,46.0,43,64,1,63.0,23,71,0,71.0,23,51,1,68.0,19,45,0,43.0,18,58,1,118.0,23,51,1,63.0,20,58,1,36.0,27,75,1,68.0,20,44,0,46.0,22,63,1,71.0,23,89,0,84.0,14,39,2,39.0,34,58,0,57.0,20,73,0,40.0
57,Billund,120,106,99,113,97,125,79,168,76,96,96,65,107,111,134,77,111,76,69,98,88,84,76,83,138,66,70,54,58,79,86,90,85,81,69,117,48,44,116,45,77,83,66,85,67,66,71,103,37,54,91,47,60,59,41,63,76,312,6,0,6.0,180,0,1,2.0,254,2,1,3.0,275,1,2,5.0,290,2,0,0.0,240,4,3,7.0,189,1,1,7.0,259,4,0,8.0,189,2,2,1.0,208,2,1,1.0,212,3,1,0.0,143,1,2,1.0,369,3,8,7.0,240,1,4,5.0,341,4,14,6.0,202,5,8,4.0,217,1,5,3.0,221,3,6,2.0,204,0,1,3.0,256,2,4,5.0,205,1,7,5.0,240,2,0,3.0,170,0,1,6.0,168,1,4,1.0,313,1,10,9.0,216,1,15,6.0,200,2,16,8.0,162,0,7,9.0,151,1,12,9.0,205,1,16,11.0,233,1,7,22.0,222,0,17,23.0,196,1,28,12.0,211,1,35,19.0,189,1,41,20.0,214,2,37,40.0,131,1,12,13.0,120,0,3,5.0,368,1,24,44.0,132,0,17,17.0,159,1,12,20.0,178,1,43,33.0,123,0,29,22.0,185,0,27,19.0,146,0,42,21.0,132,1,49,27.0,137,0,51,25.0,87,0,79,49.0,161,0,23,8.0,123,0,43,8.0,145,2,46,21.0,96,0,33,22.0,133,1,35,15.0,217,1,36,22.0,112,0,32,15.0,134,0,45,24.0,108,0,53,18.0
58,Esbjerg,539,367,472,503,516,466,311,469,315,392,374,268,575,382,561,362,363,369,337,415,344,392,304,320,507,359,339,266,261,348,391,411,358,389,338,468,251,222,645,281,364,416,276,340,313,267,286,292,273,244,286,202,268,405,211,259,265,9,125,0,6.0,6,121,1,6.0,4,143,1,4.0,7,125,0,6.0,7,159,1,4.0,6,166,1,4.0,5,99,0,11.0,2,170,0,4.0,1,93,0,5.0,1,126,1,1.0,3,131,0,2.0,2,110,4,4.0,3,138,1,5.0,4,85,1,11.0,3,144,2,3.0,4,95,1,3.0,3,138,2,2.0,5,130,3,3.0,1,81,0,0.0,9,136,2,5.0,1,132,2,6.0,6,101,0,10.0,3,88,4,7.0,1,108,1,2.0,5,136,5,10.0,2,110,5,9.0,2,74,6,11.0,3,49,4,12.0,8,59,6,12.0,5,102,4,23.0,3,87,1,44.0,2,84,6,40.0,2,102,17,23.0,0,81,9,35.0,2,87,5,46.0,3,100,20,44.0,1,60,4,37.0,2,65,2,28.0,1,91,30,92.0,5,72,5,52.0,0,70,10,58.0,4,80,15,82.0,3,46,7,85.0,1,46,20,64.0,3,58,14,55.0,1,47,18,82.0,2,36,28,66.0,2,67,43,108.0,2,30,20,15.0,2,52,10,53.0,1,71,33,56.0,3,50,10,69.0,1,48,12,72.0,1,67,18,89.0,2,65,16,37.0,3,61,23,44.0,3,48,15,46.0
59,Fanoe,15,6,6,8,9,10,7,6,3,4,6,3,6,5,7,9,5,8,1,11,2,8,3,2,6,3,4,4,10,7,5,5,7,3,3,5,5,2,3,8,2,7,6,3,4,4,2,3,3,4,4,3,4,3,4,4,4,204,73,0,5.0,132,80,0,3.0,168,82,2,3.0,165,72,1,1.0,182,95,2,5.0,195,87,1,6.0,156,55,2,6.0,244,85,1,5.0,131,60,8,1.0,142,68,2,1.0,221,58,2,1.0,101,59,3,0.0,248,106,8,9.0,220,81,3,12.0,230,90,2,7.0,205,50,2,1.0,256,90,4,2.0,242,77,18,0.0,145,46,2,3.0,200,89,10,2.0,200,40,7,9.0,207,76,1,9.0,169,62,5,6.0,170,45,13,2.0,202,69,5,7.0,176,46,19,7.0,109,60,11,6.0,65,51,5,2.0,100,51,7,1.0,168,40,11,17.0,126,40,10,30.0,201,61,18,30.0,140,61,44,12.0,115,50,13,22.0,122,53,34,25.0,127,70,38,36.0,115,43,6,14.0,102,38,3,9.0,226,47,42,63.0,155,40,12,27.0,140,45,23,30.0,119,49,34,50.0,103,24,33,37.0,136,30,47,35.0,82,39,31,28.0,118,25,35,32.0,89,18,55,24.0,91,20,68,58.0,104,21,25,11.0,96,31,23,20.0,209,24,50,20.0,142,15,18,8.0,110,20,25,23.0,118,29,53,29.0,84,15,18,20.0,120,18,34,29.0,135,33,47,30.0
60,Fredericia,341,260,314,302,349,369,262,433,228,273,368,214,412,327,401,321,403,385,235,355,350,342,265,289,385,339,215,132,187,326,281,370,303,274,302,371,219,212,443,311,272,338,224,272,253,282,219,355,220,227,394,271,264,305,220,283,276,128,173,0,6.0,94,156,0,1.0,89,201,0,3.0,80,166,0,3.0,87,179,0,0.0,100,143,1,2.0,86,102,2,3.0,117,201,4,5.0,76,118,3,0.0,82,134,1,2.0,69,119,0,2.0,60,82,5,1.0,141,157,5,5.0,97,122,3,0.0,131,192,5,1.0,101,117,9,0.0,91,139,4,1.0,66,136,7,0.0,73,138,1,2.0,98,138,4,7.0,101,117,6,3.0,141,141,5,3.0,75,109,4,1.0,60,126,8,3.0,121,152,1,7.0,68,110,8,7.0,61,155,6,6.0,48,75,5,3.0,46,70,3,4.0,94,104,10,4.0,64,96,4,21.0,88,113,9,14.0,68,115,25,7.0,66,145,7,11.0,78,132,18,12.0,83,135,42,15.0,58,74,5,3.0,43,112,3,4.0,91,134,38,15.0,59,69,13,9.0,70,80,14,10.0,68,81,22,20.0,52,58,8,13.0,45,58,27,15.0,59,33,23,33.0,41,74,18,19.0,34,49,38,19.0,42,58,37,15.0,45,49,17,4.0,56,121,9,10.0,58,77,22,10.0,38,64,6,11.0,40,50,22,13.0,65,60,19,13.0,25,35,6,12.0,39,55,19,20.0,30,34,28,8.0
61,Haderslev,207,177,175,157,183,195,148,210,137,152,127,124,255,184,229,156,186,148,122,194,148,220,147,107,204,125,135,112,112,149,127,178,158,144,156,213,118,88,212,121,145,165,105,114,133,111,105,154,94,105,136,85,87,134,71,104,96,252,110,1,5.0,209,82,0,0.0,245,78,0,0.0,270,100,0,0.0,204,95,0,4.0,255,107,0,2.0,183,71,0,4.0,236,114,0,7.0,185,46,2,0.0,218,60,0,1.0,192,72,0,1.0,169,59,0,1.0,332,84,1,4.0,286,64,1,7.0,331,111,3,2.0,200,59,2,2.0,249,54,1,1.0,258,76,1,1.0,201,40,1,2.0,255,75,0,2.0,227,60,3,2.0,200,72,0,2.0,225,72,0,3.0,122,52,1,1.0,275,95,4,5.0,154,72,3,5.0,162,60,1,7.0,113,40,0,9.0,138,35,2,1.0,177,42,2,8.0,199,42,3,16.0,243,47,2,28.0,210,44,9,11.0,157,45,2,4.0,196,43,2,12.0,168,58,13,23.0,67,19,1,9.0,104,28,2,4.0,218,33,12,45.0,140,28,3,29.0,147,34,5,28.0,159,29,8,22.0,80,20,6,17.0,117,25,8,32.0,95,20,10,19.0,74,17,10,29.0,112,11,12,17.0,74,17,24,40.0,87,23,7,10.0,112,14,3,14.0,121,18,23,11.0,77,14,4,8.0,127,14,8,11.0,126,15,5,17.0,73,10,4,6.0,117,27,10,10.0,103,12,6,13.0
62,Kolding,431,371,452,443,389,403,298,442,316,355,315,258,502,422,528,322,395,415,341,408,357,352,346,263,442,292,339,205,227,315,349,414,392,350,408,385,184,247,486,273,308,356,256,286,215,265,282,308,177,309,304,228,274,328,163,250,230,164,59,0,3.0,93,36,0,0.0,124,41,0,1.0,127,42,2,2.0,136,48,1,1.0,147,60,0,1.0,89,33,0,6.0,143,55,1,4.0,79,26,1,0.0,113,35,0,1.0,133,33,3,2.0,68,33,1,0.0,188,50,1,1.0,138,50,2,3.0,171,45,2,1.0,91,42,0,1.0,114,36,1,0.0,116,35,4,0.0,103,48,3,2.0,144,56,4,2.0,103,28,4,4.0,107,44,0,1.0,102,47,0,1.0,77,26,4,0.0,118,42,1,11.0,104,31,1,4.0,115,38,4,3.0,75,15,3,7.0,85,14,1,4.0,101,31,5,7.0,111,38,3,28.0,113,30,9,30.0,96,33,12,5.0,82,50,5,15.0,89,23,10,9.0,102,29,15,14.0,73,13,2,12.0,33,12,0,10.0,152,31,10,24.0,88,15,6,17.0,102,17,9,13.0,90,30,10,21.0,64,17,3,13.0,94,15,16,18.0,108,16,15,15.0,64,7,5,20.0,81,8,15,15.0,60,12,18,20.0,99,12,12,10.0,68,4,14,5.0,144,9,19,17.0,89,10,4,11.0,80,12,10,14.0,88,13,4,22.0,50,7,10,11.0,93,11,14,23.0,69,11,13,15.0
63,Soenderborg,279,178,205,228,236,261,168,266,129,175,206,132,286,217,294,160,174,199,147,225,178,193,184,141,221,191,187,122,124,170,188,199,177,156,175,238,111,73,286,156,180,191,129,181,179,131,154,172,150,111,204,117,139,151,86,168,139,86,74,1,4.0,54,61,0,7.0,42,60,1,3.0,61,73,2,6.0,73,91,0,3.0,49,78,0,9.0,47,60,0,6.0,84,70,0,4.0,29,27,0,1.0,48,56,0,2.0,42,54,1,5.0,40,37,0,1.0,78,69,1,9.0,48,65,1,2.0,79,56,0,7.0,54,49,1,0.0,57,51,2,1.0,61,54,2,2.0,73,48,1,2.0,56,44,1,4.0,52,32,5,10.0,60,50,0,4.0,47,41,2,8.0,62,33,3,2.0,60,68,5,13.0,28,56,0,6.0,57,63,1,8.0,39,30,0,7.0,27,19,2,14.0,56,38,0,22.0,40,36,3,53.0,56,37,7,48.0,43,47,12,29.0,129,52,6,22.0,37,39,10,27.0,40,54,20,63.0,21,25,2,21.0,20,24,10,28.0,76,49,12,98.0,37,21,6,55.0,38,33,6,55.0,32,26,10,82.0,34,26,6,59.0,30,20,9,68.0,23,18,12,48.0,16,17,11,69.0,17,18,18,60.0,13,25,29,109.0,26,15,11,22.0,22,24,13,29.0,23,19,19,37.0,18,19,6,37.0,37,21,5,42.0,27,27,13,50.0,10,16,11,22.0,23,9,14,42.0,27,18,15,42.0
64,Toender,152,91,86,106,121,111,83,144,57,85,77,74,134,99,128,98,95,97,124,119,86,107,95,92,113,69,102,57,47,93,102,102,92,192,74,97,38,38,134,64,70,90,70,68,82,52,56,64,49,39,65,43,70,58,33,64,52,78,100,1,4.0,56,66,2,2.0,67,72,5,1.0,77,78,1,2.0,61,93,2,0.0,70,83,1,2.0,68,55,0,6.0,63,89,1,7.0,55,33,4,2.0,60,62,3,0.0,61,73,4,0.0,39,46,2,1.0,108,89,7,2.0,89,63,5,8.0,125,83,13,1.0,51,64,11,5.0,60,41,9,2.0,77,53,10,0.0,68,65,2,7.0,74,60,10,4.0,58,52,11,6.0,58,48,6,2.0,62,54,5,2.0,48,55,17,5.0,86,70,13,5.0,56,54,10,6.0,57,69,18,7.0,35,31,2,4.0,43,21,7,2.0,53,59,22,14.0,46,38,13,24.0,51,53,30,23.0,61,54,43,11.0,54,50,22,22.0,62,58,44,21.0,57,83,94,29.0,32,27,14,12.0,37,23,11,13.0,60,44,40,40.0,39,42,26,18.0,59,38,23,27.0,37,25,46,27.0,49,30,34,26.0,37,19,61,26.0,37,36,46,28.0,37,29,50,19.0,32,19,56,28.0,34,24,72,50.0,45,26,35,15.0,21,15,29,11.0,40,30,44,20.0,41,25,30,9.0,39,33,47,15.0,35,18,56,36.0,20,23,34,10.0,32,24,58,17.0,23,18,65,23.0
65,Varde,157,117,127,152,157,150,132,141,83,117,119,78,182,163,185,102,113,136,121,124,96,110,106,86,160,118,131,77,64,104,101,125,131,115,123,149,68,65,164,95,129,95,95,105,89,88,82,117,82,73,89,72,81,83,52,65,67,71,391,0,3.0,70,263,0,1.0,72,573,3,1.0,71,200,0,1.0,74,241,0,0.0,51,298,0,2.0,60,205,0,3.0,86,214,0,3.0,33,132,0,1.0,79,213,1,0.0,80,186,0,1.0,30,128,3,2.0,145,170,2,2.0,76,123,0,2.0,76,212,4,5.0,74,146,2,2.0,54,136,0,0.0,59,228,1,1.0,53,139,1,2.0,68,181,3,1.0,66,183,4,1.0,62,179,0,0.0,64,145,0,3.0,45,123,3,3.0,68,217,5,3.0,45,197,4,3.0,46,136,9,5.0,38,79,4,2.0,40,118,4,4.0,53,183,4,14.0,60,106,3,25.0,129,120,3,21.0,51,112,15,11.0,35,122,4,6.0,40,169,12,12.0,65,203,27,24.0,34,131,6,12.0,28,93,3,11.0,70,161,11,29.0,54,86,14,24.0,61,95,3,25.0,51,86,15,31.0,42,58,12,12.0,51,76,18,15.0,41,110,22,16.0,29,43,16,17.0,30,41,19,23.0,31,78,32,32.0,43,83,12,8.0,32,69,10,9.0,30,102,22,14.0,29,80,5,10.0,33,66,11,6.0,34,50,22,10.0,8,33,21,8.0,51,73,24,11.0,28,68,22,15.0
66,Vejen,175,136,146,153,168,135,121,179,66,142,156,76,236,143,160,140,97,114,121,131,127,111,121,103,154,103,119,76,67,119,129,219,122,106,117,182,75,71,150,119,118,107,91,97,104,89,82,104,90,65,96,71,85,87,53,112,76,396,117,0,2.0,368,101,0,0.0,289,103,1,0.0,239,103,2,2.0,230,105,1,2.0,213,118,0,1.0,260,65,1,1.0,251,90,1,2.0,185,72,0,1.0,204,68,4,0.0,247,82,1,2.0,530,58,2,1.0,317,91,3,2.0,310,91,1,2.0,366,103,7,3.0,240,54,5,2.0,240,70,4,1.0,409,61,5,2.0,236,47,3,4.0,313,74,2,2.0,254,59,5,0.0,428,80,1,5.0,252,62,3,4.0,247,64,9,1.0,280,79,2,5.0,214,67,3,5.0,186,89,4,5.0,137,33,2,3.0,262,42,4,2.0,193,47,6,9.0,181,41,4,27.0,348,44,10,18.0,266,49,16,6.0,150,62,9,7.0,178,60,16,10.0,196,87,29,30.0,204,52,2,9.0,112,53,5,8.0,284,77,8,41.0,235,59,10,24.0,181,26,6,21.0,173,46,15,31.0,141,21,9,19.0,147,43,36,27.0,136,34,34,24.0,154,18,13,26.0,234,26,21,26.0,138,36,35,35.0,259,26,13,7.0,193,37,12,11.0,180,30,12,17.0,182,21,16,14.0,143,20,15,11.0,165,26,21,15.0,111,20,18,8.0,112,18,21,14.0,145,30,23,12.0
67,Vejle,792,640,870,446,476,521,471,470,322,422,442,661,503,440,598,397,386,649,379,508,458,617,410,389,523,427,348,225,401,420,353,546,450,316,418,556,370,244,583,402,354,387,292,353,340,316,391,397,399,320,363,329,298,321,200,285,320,135,81,0,4.0,74,53,0,4.0,122,72,0,1.0,106,59,0,2.0,133,74,1,4.0,115,69,1,1.0,95,38,0,4.0,125,69,0,11.0,89,31,0,3.0,88,52,1,1.0,105,64,0,4.0,92,46,1,2.0,144,59,2,2.0,119,52,1,2.0,150,81,2,8.0,95,60,2,1.0,101,36,3,4.0,104,64,0,1.0,95,40,4,2.0,92,57,0,3.0,100,44,2,4.0,107,54,0,2.0,70,51,4,5.0,44,54,2,3.0,128,65,1,6.0,93,43,3,2.0,79,51,11,9.0,62,42,2,5.0,62,21,2,8.0,122,47,4,15.0,104,35,0,29.0,87,47,6,33.0,84,34,15,15.0,76,49,5,13.0,68,57,11,29.0,72,45,21,40.0,46,32,1,17.0,39,33,1,17.0,128,43,7,53.0,74,34,2,40.0,64,19,7,34.0,59,30,8,53.0,66,22,6,35.0,45,19,18,51.0,51,34,22,43.0,49,25,8,40.0,52,30,19,36.0,39,21,19,74.0,56,23,7,10.0,43,13,14,16.0,73,29,10,31.0,50,27,12,22.0,38,21,17,27.0,73,19,14,24.0,28,12,8,23.0,52,24,85,19.0,43,14,20,24.0
68,Aabenraa,256,177,229,211,238,235,166,222,163,157,187,154,239,218,258,156,173,166,150,173,169,189,134,116,217,170,184,103,110,187,172,157,159,164,161,215,116,108,256,165,120,147,125,132,135,102,125,157,109,101,145,85,84,157,79,111,118,99,99,0,3.0,85,57,0,0.0,70,97,1,0.0,90,74,0,2.0,77,88,0,1.0,74,74,1,2.0,64,42,1,2.0,78,71,0,0.0,65,37,1,1.0,63,57,3,0.0,74,56,0,0.0,30,57,1,2.0,96,86,2,0.0,92,66,3,3.0,111,87,5,2.0,67,43,4,0.0,69,59,5,1.0,49,67,9,0.0,61,45,2,0.0,75,43,3,0.0,62,43,10,3.0,79,45,2,2.0,66,53,5,2.0,43,59,9,0.0,63,79,5,7.0,70,42,3,2.0,49,53,13,3.0,40,30,8,2.0,43,24,7,2.0,54,40,4,17.0,69,52,6,11.0,72,33,7,11.0,48,42,26,11.0,45,55,9,10.0,54,46,20,7.0,46,71,26,11.0,24,26,7,4.0,33,41,7,8.0,46,61,27,25.0,36,31,15,8.0,54,40,9,11.0,58,30,22,25.0,35,20,16,20.0,46,30,35,21.0,30,29,37,17.0,42,26,29,9.0,34,21,24,15.0,19,32,43,24.0,27,26,21,2.0,27,22,15,2.0,23,34,33,8.0,26,30,15,10.0,25,18,30,14.0,27,29,26,9.0,25,16,24,3.0,31,29,33,13.0,34,15,37,12.0
69,Favrskov,183,139,144,152,152,145,106,151,97,119,140,80,160,147,204,134,109,119,106,135,112,134,123,109,133,119,109,86,72,121,133,150,109,109,139,144,70,82,126,104,104,134,78,116,114,97,108,107,71,61,78,79,67,77,63,87,86,76,134,0,0.0,57,133,0,0.0,80,118,0,0.0,67,114,0,1.0,90,144,0,0.0,73,180,1,1.0,65,99,1,0.0,70,156,0,3.0,42,81,0,0.0,51,132,1,1.0,57,128,0,0.0,36,85,0,0.0,92,95,1,0.0,70,103,1,0.0,100,149,0,0.0,55,98,0,1.0,61,117,0,0.0,72,103,1,1.0,49,97,1,1.0,64,124,2,1.0,56,98,4,0.0,61,91,4,1.0,61,84,0,0.0,43,72,6,0.0,82,108,5,1.0,50,86,1,2.0,49,103,2,0.0,38,55,15,3.0,43,71,2,0.0,58,89,4,8.0,45,68,1,10.0,63,73,7,9.0,45,106,9,2.0,43,72,6,9.0,51,53,6,8.0,51,115,13,12.0,27,48,0,5.0,25,86,0,7.0,64,103,10,24.0,50,64,4,9.0,37,85,0,9.0,47,93,8,16.0,29,47,8,20.0,30,68,10,15.0,30,72,11,12.0,17,30,13,3.0,28,54,54,8.0,14,63,19,17.0,17,68,6,2.0,21,47,3,6.0,28,62,9,6.0,24,55,6,7.0,28,49,9,5.0,37,64,7,6.0,23,39,5,4.0,18,65,7,9.0,20,54,11,4.0
70,Hedensted,177,114,177,143,181,149,108,143,80,109,115,95,182,139,192,102,124,141,102,109,101,111,122,105,167,100,118,73,71,111,124,120,108,110,118,173,63,75,173,107,105,116,74,105,105,77,94,100,57,68,89,80,74,95,55,146,67,175,59,0,10.0,147,53,0,1.0,132,55,0,4.0,149,44,0,4.0,183,54,0,5.0,137,59,0,1.0,134,46,0,3.0,152,70,1,11.0,83,35,0,2.0,150,35,0,2.0,144,44,0,2.0,80,25,0,0.0,208,54,0,5.0,168,49,2,7.0,207,52,1,12.0,144,53,2,6.0,122,50,3,1.0,150,40,4,4.0,130,42,2,4.0,122,43,1,10.0,150,41,1,10.0,143,47,0,9.0,110,41,2,7.0,71,29,2,1.0,153,40,2,14.0,124,30,2,11.0,115,35,7,9.0,86,31,0,3.0,86,22,0,3.0,138,38,4,30.0,131,27,4,39.0,126,35,2,54.0,106,35,8,22.0,95,24,3,35.0,109,32,3,36.0,102,33,7,71.0,70,13,4,22.0,70,24,4,15.0,136,35,6,83.0,110,25,4,51.0,116,22,6,55.0,101,28,4,76.0,83,21,1,46.0,80,21,11,62.0,89,15,13,59.0,53,14,7,63.0,55,15,21,52.0,72,17,14,80.0,45,13,6,23.0,71,12,9,20.0,73,18,12,29.0,82,16,8,28.0,80,11,7,39.0,93,23,12,47.0,44,18,6,33.0,78,16,7,25.0,71,15,6,46.0
71,Horsens,313,284,252,265,331,319,238,319,168,286,276,168,307,276,369,247,248,263,231,252,262,238,204,155,272,215,240,154,172,246,234,239,253,189,211,283,142,180,319,229,244,269,181,234,241,152,169,252,144,149,199,174,186,207,130,195,186,58,25,1,0.0,57,22,0,1.0,54,17,2,0.0,67,10,0,0.0,75,17,1,1.0,62,43,4,0.0,70,14,2,0.0,50,27,1,0.0,38,19,4,0.0,55,23,5,0.0,62,25,1,0.0,38,17,4,0.0,95,28,15,0.0,75,25,2,1.0,86,29,7,0.0,71,11,6,0.0,62,14,1,0.0,45,15,7,0.0,51,16,2,0.0,73,17,7,0.0,57,12,7,0.0,53,17,7,1.0,41,17,3,1.0,56,37,8,0.0,76,20,16,2.0,45,15,4,0.0,51,12,12,1.0,25,19,5,0.0,27,13,5,0.0,65,18,11,2.0,69,24,6,2.0,44,21,15,0.0,42,12,37,0.0,40,28,11,1.0,46,20,31,2.0,60,18,51,1.0,26,9,5,1.0,16,13,6,0.0,54,10,21,1.0,55,10,10,0.0,44,6,18,2.0,39,11,41,2.0,44,3,28,0.0,38,8,48,0.0,31,6,48,2.0,36,3,38,2.0,36,14,43,0.0,36,6,70,3.0,46,12,42,0.0,36,9,31,0.0,37,5,34,0.0,24,4,17,1.0,24,3,32,1.0,26,13,47,0.0,21,6,26,1.0,24,8,43,0.0,28,10,68,0.0
72,Norddjurs,120,110,109,113,130,124,119,120,74,91,106,65,150,128,140,124,113,86,94,118,105,106,84,91,128,78,91,73,53,124,108,97,97,80,91,117,43,48,124,92,77,100,93,90,74,72,120,96,67,53,72,56,58,65,47,60,66,58,190,0,19.0,38,158,0,4.0,59,176,0,4.0,54,126,0,11.0,47,183,0,3.0,43,203,1,5.0,41,97,0,11.0,34,280,0,11.0,31,93,0,5.0,41,123,1,4.0,42,142,1,2.0,22,108,0,1.0,62,158,0,11.0,53,118,0,23.0,64,179,0,8.0,53,105,1,2.0,45,144,0,5.0,41,136,1,3.0,39,86,0,7.0,49,130,0,9.0,40,102,2,6.0,38,114,0,13.0,45,92,0,7.0,20,92,1,1.0,48,141,0,17.0,48,91,1,12.0,31,120,2,21.0,25,45,1,18.0,24,74,0,23.0,27,100,1,48.0,47,78,0,74.0,36,92,0,65.0,33,100,0,33.0,32,87,2,29.0,34,113,0,29.0,52,141,0,96.0,26,55,1,17.0,18,68,0,27.0,29,107,0,133.0,36,51,1,59.0,32,67,0,60.0,25,71,0,122.0,31,41,4,34.0,25,40,1,70.0,19,44,1,71.0,27,48,1,53.0,21,47,0,49.0,16,53,1,99.0,23,40,0,34.0,10,53,0,25.0,28,60,1,50.0,16,48,1,28.0,27,45,0,49.0,26,62,0,46.0,12,54,0,49.0,28,54,0,44.0,11,69,2,32.0
73,Odder,83,60,76,65,64,87,55,65,50,65,67,39,90,80,94,67,62,61,58,68,53,56,64,59,71,67,50,47,37,57,85,68,55,72,65,89,44,42,69,59,53,56,55,59,50,40,64,53,43,34,51,35,42,57,28,52,31,256,0,0,4.0,179,2,1,2.0,214,2,1,4.0,180,1,7,4.0,204,2,1,3.0,239,1,1,1.0,162,3,0,3.0,247,1,2,8.0,137,3,1,4.0,172,5,0,3.0,163,1,3,1.0,104,0,1,1.0,251,1,5,1.0,200,1,1,5.0,284,4,11,6.0,168,1,8,2.0,202,1,3,2.0,198,2,16,1.0,155,1,7,2.0,186,0,6,2.0,183,1,11,3.0,226,1,1,3.0,171,0,2,3.0,104,0,10,4.0,203,1,8,7.0,142,0,12,7.0,148,0,25,11.0,94,1,5,6.0,120,1,4,4.0,156,1,13,17.0,161,2,8,28.0,186,1,12,41.0,173,0,50,11.0,137,0,18,21.0,136,0,36,28.0,139,5,79,46.0,73,2,7,18.0,101,0,2,26.0,216,1,44,48.0,106,1,25,27.0,126,0,25,30.0,220,2,68,54.0,129,1,32,23.0,104,0,48,44.0,107,2,61,35.0,78,0,52,28.0,80,0,92,32.0,90,0,120,62.0,131,0,31,7.0,95,0,42,21.0,160,1,70,15.0,82,0,29,7.0,122,2,47,18.0,133,2,60,20.0,114,1,48,11.0,78,1,52,21.0,117,0,84,16.0
74,Randers,457,338,396,310,393,447,264,539,236,302,308,216,429,327,482,285,348,345,247,333,302,356,273,205,374,248,289,147,202,297,284,347,332,270,316,402,155,190,427,218,266,409,244,254,258,227,222,293,236,199,283,175,238,289,227,200,300,3,193,0,1.0,3,146,1,1.0,5,173,2,3.0,7,128,2,3.0,5,141,12,0.0,3,209,4,1.0,3,117,0,2.0,4,181,5,0.0,2,100,5,0.0,0,132,5,1.0,8,138,1,1.0,3,100,12,0.0,2,143,2,2.0,3,130,1,2.0,7,166,6,4.0,4,124,7,0.0,3,139,5,1.0,4,133,11,1.0,2,100,9,1.0,2,169,3,2.0,3,81,10,1.0,6,118,0,2.0,6,106,6,4.0,0,85,14,0.0,2,149,7,2.0,2,90,5,5.0,2,94,23,0.0,2,62,2,4.0,3,72,3,1.0,6,103,13,18.0,6,99,2,14.0,2,117,12,21.0,6,124,35,6.0,3,106,11,7.0,3,110,18,17.0,2,125,69,22.0,0,65,5,6.0,2,116,4,10.0,3,167,19,29.0,3,94,7,15.0,1,132,9,20.0,2,126,27,31.0,1,48,14,13.0,3,49,44,17.0,0,65,43,18.0,0,50,20,19.0,1,50,31,29.0,3,180,72,35.0,1,40,21,5.0,2,35,23,11.0,3,89,38,16.0,0,76,27,7.0,3,70,30,14.0,4,106,35,8.0,1,36,29,12.0,0,61,26,7.0,0,55,38,9.0
75,Samsoe,3,6,7,8,8,5,6,5,5,6,10,3,3,5,11,6,4,7,3,2,6,8,7,1,5,3,5,4,4,10,10,3,6,6,5,8,4,2,5,5,3,6,6,4,5,3,1,7,1,2,5,2,6,6,3,1,2,263,110,1,24.0,211,108,0,25.0,253,99,1,24.0,202,115,3,16.0,250,119,0,11.0,218,93,0,16.0,179,80,0,22.0,290,115,0,34.0,123,56,0,6.0,179,78,2,11.0,222,85,2,16.0,196,85,1,6.0,296,101,2,36.0,209,72,0,25.0,279,87,2,25.0,170,67,4,9.0,197,67,2,13.0,211,77,9,12.0,180,45,1,16.0,207,72,5,12.0,183,70,9,31.0,163,81,2,29.0,149,70,1,19.0,133,62,3,17.0,210,85,8,41.0,203,50,8,39.0,181,55,9,39.0,95,51,4,33.0,90,46,1,34.0,138,66,7,126.0,150,52,6,136.0,148,54,5,138.0,123,64,19,65.0,116,63,16,90.0,143,48,16,144.0,140,78,27,178.0,68,34,4,126.0,72,37,0,99.0,270,73,7,292.0,121,40,6,150.0,128,50,12,247.0,138,39,18,293.0,68,33,6,166.0,104,36,27,204.0,124,40,22,194.0,68,17,25,184.0,67,28,27,231.0,131,39,24,300.0,96,22,14,59.0,79,25,13,131.0,125,50,13,146.0,74,23,8,122.0,124,32,20,130.0,104,36,25,197.0,56,15,12,120.0,115,26,22,207.0,98,22,22,190.0
76,Silkeborg,475,362,431,348,395,433,307,484,229,315,365,298,455,363,464,304,344,363,294,391,281,295,264,229,384,317,321,180,189,302,331,342,330,269,318,440,157,217,614,299,345,454,182,271,322,223,258,530,201,181,334,207,290,316,189,272,269,132,51,1,8.0,114,57,9,2.0,137,54,9,0.0,117,55,7,1.0,140,57,9,4.0,142,67,8,2.0,113,34,1,2.0,121,52,5,10.0,99,27,5,2.0,99,31,9,0.0,136,43,5,4.0,89,37,6,1.0,183,40,6,3.0,132,40,14,2.0,187,52,43,7.0,129,31,30,1.0,120,45,28,2.0,128,48,52,1.0,93,42,15,1.0,126,44,22,5.0,122,37,58,5.0,116,33,18,6.0,138,31,16,4.0,69,41,67,1.0,115,48,37,7.0,91,32,27,9.0,106,53,94,9.0,91,18,22,5.0,83,23,23,3.0,126,33,53,17.0,80,29,24,32.0,108,27,66,27.0,111,37,159,18.0,80,38,85,17.0,93,24,149,25.0,92,34,267,44.0,62,22,38,18.0,48,19,21,20.0,131,33,169,69.0,78,22,70,29.0,93,25,56,33.0,80,21,176,46.0,57,10,80,34.0,56,11,175,38.0,53,14,218,15.0,41,14,134,41.0,64,11,176,36.0,68,10,298,72.0,59,18,93,10.0,46,11,131,16.0,72,11,174,34.0,47,15,109,17.0,36,8,159,28.0,69,15,183,25.0,37,6,138,14.0,38,12,160,36.0,41,9,218,15.0
77,Skanderborg,246,225,242,238,274,240,196,249,164,185,223,187,287,210,286,205,194,217,149,203,205,200,217,149,214,153,195,150,136,222,162,215,221,175,187,285,119,115,271,152,182,200,127,180,171,106,155,241,109,115,175,104,116,160,92,111,117,93,484,0,3.0,69,459,1,4.0,78,635,0,1.0,59,658,0,5.0,68,827,0,2.0,60,657,0,3.0,64,413,0,7.0,56,510,1,8.0,52,403,4,1.0,88,592,0,2.0,56,599,0,1.0,42,375,1,3.0,97,432,2,4.0,88,383,5,8.0,120,631,6,4.0,53,443,2,4.0,71,594,7,1.0,95,622,11,6.0,51,353,4,3.0,48,446,11,6.0,49,361,5,6.0,68,415,1,3.0,64,422,2,6.0,46,421,10,3.0,59,496,8,9.0,54,328,6,6.0,55,413,8,7.0,35,311,6,7.0,59,201,1,5.0,50,563,6,31.0,75,383,2,44.0,108,307,6,26.0,49,370,25,12.0,48,354,10,26.0,54,356,12,31.0,38,513,35,38.0,36,293,2,28.0,23,331,6,20.0,49,475,28,56.0,32,345,11,25.0,44,374,19,43.0,45,382,24,44.0,46,142,11,20.0,30,262,39,32.0,29,266,34,25.0,29,219,33,33.0,32,183,46,40.0,30,188,115,66.0,28,157,16,16.0,29,143,22,19.0,25,297,33,26.0,34,225,16,16.0,33,278,22,24.0,35,221,30,30.0,25,144,33,19.0,36,294,24,28.0,18,259,42,28.0
78,Syddjurs,146,127,136,120,125,128,100,108,79,122,102,80,141,130,178,88,119,153,95,99,96,105,100,90,117,99,117,61,84,108,124,161,111,109,112,121,68,52,118,75,101,115,75,85,83,87,99,100,65,64,65,64,75,83,55,77,58,685,168,0,1.0,737,130,0,0.0,993,128,0,3.0,950,133,0,1.0,1570,137,0,2.0,1936,116,2,0.0,732,83,0,4.0,791,139,0,6.0,474,86,1,0.0,607,123,1,1.0,850,123,0,0.0,416,74,1,2.0,988,120,1,0.0,1024,116,0,1.0,1560,181,3,0.0,851,82,1,0.0,1221,101,2,6.0,1800,114,3,0.0,746,93,1,1.0,720,119,2,0.0,560,88,3,1.0,711,110,1,3.0,648,100,1,6.0,587,100,5,7.0,696,135,6,3.0,585,96,4,1.0,506,90,6,1.0,310,53,1,1.0,361,49,3,1.0,976,86,4,17.0,1035,62,2,22.0,675,98,12,8.0,777,95,17,8.0,506,59,2,10.0,535,89,13,84.0,714,120,18,87.0,301,47,3,23.0,270,62,1,20.0,1072,85,18,95.0,724,57,5,39.0,959,57,5,59.0,1153,70,27,60.0,501,44,10,17.0,473,44,23,60.0,460,50,21,41.0,322,39,18,39.0,472,52,27,124.0,379,54,23,158.0,292,33,17,29.0,340,43,12,54.0,591,62,18,46.0,491,46,15,71.0,856,42,13,39.0,587,47,24,26.0,509,31,12,36.0,565,42,32,44.0,429,20,36,48.0
79,Aarhus,1194,1230,1661,1631,2417,2617,1168,1340,888,1219,1470,803,1462,1446,2259,1333,1856,2486,1130,1200,1010,1173,1105,1092,1270,979,1052,676,619,1718,1578,1186,1371,1035,1185,1673,758,721,2008,1289,1636,2004,889,1114,1138,862,1063,1165,601,745,1210,947,1423,1188,911,1226,1096,177,104,0,1.0,138,92,0,2.0,150,99,0,1.0,115,76,0,0.0,150,103,0,0.0,188,62,0,0.0,115,54,0,2.0,133,108,0,2.0,95,48,1,0.0,148,69,0,2.0,139,73,2,0.0,134,80,4,0.0,199,97,2,4.0,133,82,3,0.0,201,108,4,0.0,122,113,3,0.0,142,75,2,1.0,135,82,41,1.0,90,68,1,0.0,133,78,3,0.0,118,56,6,2.0,183,63,1,1.0,114,62,5,0.0,76,74,9,1.0,147,97,5,2.0,124,51,0,0.0,100,55,7,3.0,102,40,3,2.0,96,49,0,4.0,120,60,1,4.0,106,56,0,16.0,127,38,9,24.0,122,52,19,4.0,92,43,6,8.0,99,48,19,9.0,103,74,44,14.0,88,44,82,1.0,103,36,3,3.0,175,57,34,22.0,117,37,8,8.0,103,47,7,7.0,101,49,22,17.0,88,24,15,5.0,101,30,22,18.0,88,16,27,8.0,79,27,39,10.0,64,17,91,20.0,41,36,74,24.0,98,19,20,3.0,77,21,13,11.0,85,25,38,10.0,63,17,40,9.0,87,29,18,12.0,73,29,33,7.0,53,22,31,5.0,67,20,71,6.0,59,14,48,4.0
80,Herning,353,271,278,249,291,306,200,283,187,271,266,210,324,256,396,207,252,261,188,268,216,300,220,187,297,235,207,166,149,229,202,258,260,178,225,302,155,191,358,214,212,243,177,222,187,192,198,282,157,158,214,142,179,175,131,169,136,179,173,0,5.0,114,123,0,0.0,135,236,0,0.0,110,163,1,2.0,148,189,0,1.0,117,277,0,1.0,84,122,0,5.0,130,285,0,8.0,96,169,1,1.0,87,183,1,1.0,112,527,0,6.0,54,203,0,0.0,158,182,0,2.0,122,169,2,1.0,158,302,0,2.0,102,132,0,1.0,104,163,1,6.0,92,196,3,2.0,80,132,0,1.0,204,266,0,4.0,90,196,3,3.0,107,224,4,0.0,80,469,0,6.0,59,165,0,2.0,118,215,1,10.0,108,117,1,5.0,74,165,1,5.0,49,149,0,8.0,73,134,0,3.0,85,179,0,14.0,78,197,1,25.0,92,158,1,21.0,103,175,6,12.0,75,211,0,15.0,100,611,5,25.0,68,257,4,26.0,41,96,3,23.0,28,154,1,10.0,107,313,3,38.0,57,242,2,20.0,66,221,5,29.0,55,290,5,28.0,67,140,3,20.0,63,150,4,29.0,39,195,4,21.0,60,129,25,20.0,59,439,13,25.0,35,117,7,33.0,68,101,3,9.0,42,114,3,8.0,56,138,9,16.0,62,158,1,14.0,57,174,16,17.0,63,96,6,24.0,24,97,3,12.0,66,68,4,20.0,52,161,8,20.0
81,Holstebro,286,210,235,191,253,184,145,246,146,159,186,138,261,212,273,220,182,183,152,290,155,175,149,141,230,169,142,98,130,180,180,168,184,146,192,198,116,85,238,124,161,175,121,148,101,138,143,160,120,94,125,110,123,146,77,146,130,121,54,0,1.0,109,26,0,1.0,179,32,2,1.0,175,31,2,5.0,159,41,2,1.0,135,35,0,1.0,96,23,0,3.0,174,37,1,3.0,89,26,0,1.0,140,20,0,0.0,408,29,0,1.0,210,15,0,1.0,182,22,5,3.0,179,13,1,2.0,276,36,7,2.0,269,16,2,0.0,375,27,2,1.0,157,19,3,0.0,110,24,2,1.0,207,15,4,1.0,194,17,0,3.0,230,13,1,2.0,428,16,2,1.0,176,15,17,2.0,167,37,6,9.0,123,25,2,2.0,160,19,2,5.0,159,17,1,5.0,137,13,1,4.0,158,21,2,12.0,184,25,2,26.0,201,25,9,20.0,169,17,13,9.0,173,16,6,15.0,398,19,9,13.0,114,31,18,19.0,93,13,7,10.0,144,11,2,11.0,237,15,14,37.0,158,10,9,40.0,112,10,7,26.0,121,16,8,42.0,90,7,9,19.0,121,6,16,23.0,116,10,22,15.0,175,10,12,23.0,282,10,17,29.0,161,9,28,28.0,61,3,15,7.0,104,10,11,9.0,196,6,14,13.0,191,7,8,7.0,122,7,20,13.0,103,8,14,17.0,88,8,13,10.0,179,10,9,22.0,133,5,21,10.0
82,Ikast-Brande,295,232,418,339,350,412,222,465,259,324,937,419,366,352,582,404,546,394,244,476,397,458,908,357,390,241,333,312,272,355,403,376,371,400,1112,502,294,321,679,447,399,493,262,353,379,382,936,510,211,285,418,460,353,258,252,362,390,38,90,0,1.0,33,77,0,0.0,41,79,0,2.0,32,81,0,0.0,47,71,0,0.0,39,71,0,0.0,24,69,0,1.0,33,80,0,0.0,26,44,0,0.0,23,69,2,0.0,25,59,0,1.0,14,52,2,1.0,39,82,3,0.0,38,64,0,2.0,47,79,0,5.0,26,82,2,0.0,35,85,0,0.0,29,64,5,0.0,40,59,2,2.0,25,66,2,3.0,32,45,3,0.0,27,70,2,1.0,23,87,1,0.0,10,45,1,1.0,27,97,3,1.0,25,61,1,3.0,22,62,4,2.0,25,41,2,0.0,23,35,2,3.0,19,53,4,4.0,21,46,2,17.0,23,49,1,12.0,34,49,10,9.0,18,45,5,3.0,21,50,9,3.0,22,52,15,10.0,16,37,1,3.0,12,23,0,2.0,38,40,7,17.0,15,23,2,5.0,18,25,6,13.0,18,42,10,27.0,18,29,9,3.0,12,35,19,13.0,10,22,20,7.0,12,23,6,8.0,13,12,15,9.0,11,25,33,12.0,12,18,13,4.0,10,22,18,4.0,19,32,6,8.0,9,18,6,3.0,13,19,7,3.0,12,25,14,2.0,7,11,12,7.0,13,32,12,4.0,13,26,11,6.0
83,Lemvig,93,61,74,64,88,74,49,72,53,46,54,29,65,53,83,42,64,52,64,40,54,45,39,26,67,51,45,44,40,44,63,73,61,42,54,71,33,27,78,35,40,56,33,40,32,57,56,51,21,34,44,26,48,33,23,33,30,87,80,0,7.0,69,70,1,7.0,96,92,1,9.0,69,91,0,3.0,71,71,1,5.0,81,78,0,3.0,58,50,0,5.0,67,97,1,18.0,50,41,1,0.0,67,68,1,4.0,70,55,0,4.0,27,40,0,5.0,112,67,2,13.0,81,63,1,12.0,113,96,1,5.0,73,55,1,1.0,89,64,0,5.0,81,57,0,5.0,63,51,0,7.0,73,41,0,6.0,65,37,3,15.0,59,61,0,4.0,41,54,0,10.0,39,44,3,5.0,93,85,2,13.0,83,35,0,7.0,61,61,0,10.0,50,43,1,5.0,54,34,2,11.0,77,42,3,24.0,50,51,2,43.0,53,47,4,31.0,66,51,6,13.0,47,49,4,31.0,67,69,6,37.0,61,45,8,61.0,30,31,1,18.0,27,43,0,12.0,86,74,7,77.0,50,36,2,36.0,54,41,1,60.0,81,42,8,61.0,38,14,3,45.0,41,27,9,51.0,34,25,8,58.0,33,22,5,52.0,38,18,10,48.0,23,24,13,64.0,53,29,4,16.0,44,23,3,16.0,39,25,12,30.0,37,22,4,36.0,43,28,4,37.0,58,33,6,24.0,29,11,4,25.0,54,28,7,53.0,28,29,12,29.0
84,Ringkoebing-Skjern,182,146,177,154,145,153,132,156,95,137,135,79,201,147,201,158,182,150,125,147,113,130,136,103,206,151,130,100,93,146,123,132,140,113,151,157,97,62,178,102,115,159,96,121,99,88,92,109,95,85,101,77,99,121,65,115,95,81,41,3,1.0,81,26,2,1.0,78,20,3,1.0,82,26,1,2.0,83,34,13,2.0,91,26,9,2.0,56,15,1,2.0,90,29,13,0.0,56,15,13,1.0,55,27,0,0.0,75,22,2,0.0,46,8,2,1.0,85,28,3,0.0,75,16,1,1.0,116,59,5,1.0,76,21,8,0.0,68,17,6,0.0,73,25,10,0.0,57,6,3,0.0,55,20,4,2.0,60,23,5,1.0,74,16,2,2.0,82,18,6,4.0,33,16,11,1.0,92,19,5,4.0,58,23,8,6.0,62,20,8,1.0,46,23,6,3.0,53,14,3,1.0,52,20,4,10.0,63,16,4,23.0,52,14,13,21.0,57,16,40,4.0,51,20,22,9.0,57,18,26,7.0,39,26,35,20.0,32,9,15,6.0,26,11,6,1.0,76,15,34,29.0,45,10,9,10.0,41,14,29,12.0,46,15,31,28.0,30,11,9,10.0,45,23,42,15.0,43,15,59,13.0,29,10,27,10.0,41,6,39,9.0,29,3,74,19.0,45,9,24,3.0,42,6,40,6.0,76,4,32,13.0,32,8,25,9.0,44,8,30,5.0,50,4,46,12.0,19,5,35,8.0,48,5,77,12.0,29,3,73,9.0
85,Skive,162,152,171,178,155,170,109,190,98,125,131,93,158,140,215,133,133,135,111,99,103,139,139,80,189,96,132,96,93,110,142,120,127,120,148,119,74,80,194,123,114,140,72,114,103,80,103,114,94,92,120,67,92,114,52,110,79,39,210,1,8.0,51,127,0,5.0,42,165,0,0.0,29,153,0,7.0,40,187,0,4.0,44,181,0,2.0,33,99,0,6.0,50,189,0,11.0,26,99,3,1.0,28,148,1,0.0,36,126,1,3.0,19,122,0,1.0,65,162,1,15.0,37,129,1,4.0,50,179,2,6.0,27,138,2,2.0,45,142,0,2.0,40,125,5,3.0,29,95,0,2.0,32,143,0,5.0,39,123,3,8.0,43,128,0,10.0,30,147,0,6.0,33,144,2,0.0,36,171,3,12.0,26,117,3,6.0,22,131,6,9.0,15,109,3,3.0,38,83,1,12.0,36,100,3,19.0,29,108,4,52.0,35,110,6,40.0,21,121,9,28.0,30,114,3,25.0,18,89,8,33.0,31,176,9,53.0,20,61,2,21.0,17,62,1,8.0,37,139,5,77.0,24,85,3,40.0,25,70,3,54.0,30,112,4,43.0,12,62,3,42.0,37,55,10,38.0,7,46,13,31.0,19,66,7,34.0,50,54,19,39.0,8,94,9,55.0,30,46,8,17.0,15,51,8,13.0,25,69,4,13.0,9,55,7,24.0,16,74,7,32.0,8,86,15,31.0,7,55,11,23.0,20,58,5,46.0,13,62,15,16.0
86,Struer,81,78,65,55,75,70,49,80,42,56,59,28,95,56,115,49,62,65,37,55,65,60,48,53,58,52,44,39,57,63,64,65,52,57,45,75,33,30,76,41,53,80,29,82,37,42,75,36,47,28,49,24,31,20,23,36,34,176,71,0,3.0,146,42,0,3.0,186,57,1,3.0,147,50,0,2.0,190,55,0,3.0,191,48,0,4.0,146,47,0,4.0,156,59,0,3.0,134,28,0,0.0,138,25,0,0.0,136,40,0,3.0,101,28,0,1.0,269,44,3,0.0,202,32,6,2.0,226,54,7,8.0,110,24,10,0.0,160,37,0,0.0,150,40,2,1.0,125,43,2,2.0,195,29,2,2.0,146,33,1,2.0,153,33,0,1.0,167,28,3,2.0,127,22,1,0.0,173,59,9,5.0,134,45,7,5.0,131,34,7,5.0,106,21,2,3.0,97,21,7,7.0,132,35,6,17.0,134,37,4,42.0,130,29,7,32.0,127,14,14,11.0,89,28,17,23.0,123,23,16,19.0,152,23,21,36.0,76,15,6,11.0,95,15,6,8.0,163,27,27,48.0,100,25,12,29.0,118,22,10,47.0,115,22,16,45.0,95,17,12,19.0,98,14,28,27.0,81,10,19,20.0,91,6,23,25.0,79,8,40,30.0,74,12,32,62.0,115,12,27,6.0,70,11,25,6.0,98,14,18,23.0,76,6,20,11.0,114,9,18,18.0,80,14,27,19.0,59,7,21,12.0,137,3,19,24.0,94,10,34,24.0
87,Viborg,396,282,363,304,395,384,251,376,246,290,268,230,447,344,415,257,313,290,230,348,289,287,330,287,362,266,280,226,194,260,289,284,301,256,275,424,170,175,413,230,277,319,211,246,244,236,220,306,201,177,229,192,255,236,174,325,258,79,177,0,3.0,58,94,0,2.0,62,109,2,2.0,58,101,2,1.0,80,129,0,1.0,89,116,0,0.0,60,87,0,1.0,71,99,0,0.0,44,50,1,1.0,76,99,1,0.0,65,78,0,1.0,31,60,1,0.0,96,109,2,3.0,64,91,1,0.0,80,111,4,3.0,48,74,4,0.0,63,75,0,0.0,57,73,6,3.0,44,74,2,1.0,52,76,0,2.0,42,65,4,2.0,42,82,0,0.0,45,58,4,3.0,29,45,5,1.0,64,83,5,6.0,53,68,3,2.0,36,71,9,2.0,28,39,1,5.0,38,38,4,1.0,54,70,4,9.0,49,64,5,15.0,43,88,6,19.0,56,60,16,9.0,30,56,4,6.0,39,49,15,6.0,53,100,12,17.0,22,25,3,5.0,12,37,5,8.0,109,58,14,29.0,39,31,12,15.0,40,39,6,20.0,52,30,9,22.0,37,25,8,13.0,39,36,25,17.0,28,23,29,17.0,37,23,15,14.0,27,18,27,17.0,22,20,27,28.0,26,16,12,3.0,26,38,10,5.0,25,39,24,10.0,21,25,11,8.0,41,30,23,4.0,42,22,22,7.0,19,21,12,2.0,30,20,13,15.0,21,29,25,13.0
88,Broenderslev,152,101,120,110,137,139,109,130,76,102,106,60,141,98,137,74,100,102,87,83,79,77,77,54,130,107,77,55,61,102,113,99,83,70,77,105,45,29,170,77,77,106,67,78,64,60,63,62,49,51,56,43,62,83,45,50,55,156,126,0,0.0,97,97,0,0.0,137,107,2,0.0,141,103,3,0.0,158,123,0,0.0,132,126,1,0.0,92,78,0,0.0,125,95,0,0.0,83,69,4,0.0,177,76,0,0.0,122,81,2,0.0,54,296,0,0.0,174,156,1,0.0,125,204,1,0.0,187,258,4,0.0,123,75,1,0.0,125,90,2,0.0,136,90,3,0.0,149,103,1,0.0,135,87,1,0.0,101,69,3,0.0,121,107,0,1.0,111,156,0,1.0,90,148,4,0.0,146,73,1,0.0,112,69,3,0.0,91,76,6,0.0,62,59,0,0.0,108,67,3,0.0,109,64,1,0.0,122,48,2,0.0,95,90,8,0.0,87,64,6,0.0,89,67,6,0.0,83,50,3,0.0,103,83,11,1.0,70,27,0,0.0,54,45,0,1.0,147,84,5,2.0,96,54,5,0.0,103,42,1,1.0,109,40,5,1.0,71,19,8,0.0,97,31,21,2.0,69,32,16,0.0,98,22,7,2.0,68,21,13,1.0,41,40,13,3.0,73,26,8,0.0,65,23,11,0.0,81,36,13,0.0,71,29,8,0.0,70,31,5,1.0,98,28,11,0.0,46,29,9,0.0,58,21,13,0.0,52,41,11,1.0
89,Frederikshavn,341,196,247,250,291,250,185,235,134,276,203,115,301,226,311,209,202,214,227,218,175,213,178,136,250,193,178,106,165,204,242,230,189,187,181,277,122,105,309,179,206,198,150,199,142,178,165,148,133,141,151,140,150,178,111,143,131,109,74,0,1.0,103,55,0,1.0,129,66,0,2.0,129,51,0,1.0,150,62,0,0.0,109,72,0,2.0,78,37,0,2.0,133,48,0,6.0,90,27,0,1.0,125,33,0,1.0,102,40,0,2.0,51,35,0,2.0,167,53,0,3.0,132,43,0,3.0,171,58,0,4.0,92,24,0,0.0,109,52,0,1.0,99,50,0,0.0,105,46,0,1.0,127,46,0,2.0,113,42,0,6.0,147,49,0,5.0,117,79,0,3.0,76,34,0,2.0,123,42,0,6.0,84,31,0,5.0,91,37,1,4.0,70,30,0,4.0,75,26,0,4.0,103,43,0,9.0,117,32,0,22.0,84,31,0,24.0,83,39,0,8.0,80,54,0,9.0,77,25,0,11.0,84,26,14,13.0,59,15,0,7.0,55,24,0,7.0,130,28,0,27.0,70,15,0,16.0,95,26,0,17.0,97,37,0,23.0,64,8,0,14.0,63,23,2,24.0,62,18,1,12.0,48,12,0,23.0,53,14,0,28.0,28,16,0,24.0,67,9,1,4.0,59,12,2,16.0,57,28,1,15.0,60,11,1,9.0,76,10,0,11.0,91,5,0,18.0,40,12,0,11.0,73,10,0,10.0,61,19,0,12.0
90,Hjoerring,238,203,241,236,276,239,160,231,160,202,186,349,325,339,441,171,199,196,212,216,188,255,279,229,206,161,181,133,153,188,212,212,174,174,161,215,100,113,276,165,190,191,110,146,143,110,131,157,111,98,140,111,148,160,93,131,151,67,1,0,0.0,58,2,0,1.0,83,2,1,0.0,47,1,0,1.0,59,1,0,0.0,49,1,1,1.0,38,2,0,0.0,91,0,0,4.0,41,2,2,0.0,40,3,5,1.0,47,1,0,2.0,33,2,0,0.0,79,0,3,3.0,63,1,0,0.0,87,0,9,1.0,44,2,1,1.0,74,2,2,0.0,55,1,9,0.0,53,1,1,0.0,54,2,0,1.0,54,2,4,0.0,44,1,0,1.0,63,1,2,2.0,33,3,5,1.0,56,1,1,0.0,38,0,4,1.0,43,1,4,5.0,36,1,0,0.0,48,0,1,1.0,62,1,8,9.0,43,2,2,33.0,50,0,5,17.0,42,1,3,1.0,27,1,3,3.0,34,1,14,3.0,54,1,27,11.0,27,0,4,3.0,20,1,2,2.0,65,0,7,20.0,36,1,8,6.0,34,3,7,13.0,57,1,14,22.0,47,2,5,9.0,21,0,14,10.0,59,2,13,4.0,18,2,15,9.0,22,1,15,9.0,16,2,22,29.0,21,0,16,1.0,26,1,11,4.0,27,0,15,7.0,16,0,7,5.0,25,0,13,7.0,33,0,18,4.0,13,0,5,2.0,35,1,12,5.0,33,1,14,6.0
91,Jammerbugt,144,115,153,102,122,122,76,139,73,73,90,68,136,107,152,69,128,111,101,103,101,93,145,72,105,74,88,71,78,115,92,108,96,93,68,108,47,52,127,71,81,121,76,82,110,51,66,73,41,54,78,43,44,56,36,73,76,2,75,0,0.0,1,55,1,0.0,0,59,0,2.0,1,54,2,1.0,1,65,0,0.0,3,78,0,0.0,1,39,0,1.0,1,68,0,3.0,0,33,0,1.0,0,61,0,3.0,4,59,1,3.0,2,40,0,1.0,3,50,2,1.0,1,59,0,1.0,2,89,2,4.0,1,50,1,0.0,5,45,0,1.0,3,54,1,0.0,1,44,0,3.0,1,55,1,0.0,4,49,1,2.0,2,40,0,1.0,2,50,0,2.0,4,28,1,1.0,4,50,2,4.0,3,38,0,0.0,2,43,1,2.0,1,30,0,3.0,0,32,1,2.0,4,27,0,9.0,3,34,1,14.0,1,35,1,19.0,3,37,1,5.0,0,34,2,3.0,0,44,3,6.0,1,33,4,19.0,1,18,1,11.0,1,20,0,7.0,2,36,2,25.0,2,24,2,14.0,1,24,2,18.0,1,27,2,26.0,3,17,3,15.0,3,14,7,16.0,2,18,6,10.0,2,15,4,11.0,0,23,3,12.0,1,15,7,25.0,1,16,2,5.0,0,20,5,7.0,1,18,4,7.0,0,13,3,8.0,1,18,2,9.0,0,15,17,12.0,0,14,6,3.0,1,18,4,7.0,1,19,4,10.0
92,Laesoe,3,3,2,2,2,4,3,1,2,3,5,4,3,2,2,3,7,4,2,3,6,4,4,7,5,3,4,2,0,5,5,1,4,1,1,17,1,3,4,3,5,3,5,7,5,6,2,6,2,3,2,1,2,0,0,2,3,83,30,0,3.0,62,43,0,2.0,79,22,1,1.0,69,26,0,3.0,85,28,0,1.0,72,30,0,0.0,64,25,0,0.0,79,26,0,1.0,58,16,0,0.0,65,19,1,0.0,61,28,4,2.0,47,15,0,0.0,92,28,1,4.0,86,22,0,6.0,113,38,2,6.0,65,31,5,1.0,59,24,1,2.0,58,19,3,2.0,64,14,0,1.0,71,28,0,2.0,51,19,6,0.0,79,22,0,2.0,87,21,2,2.0,51,17,3,2.0,51,33,2,4.0,53,17,2,2.0,44,25,10,5.0,35,16,3,2.0,40,23,4,5.0,63,24,4,14.0,51,30,3,27.0,61,25,7,18.0,48,17,9,6.0,53,22,5,12.0,42,18,6,10.0,39,23,18,21.0,14,8,2,7.0,25,9,1,12.0,68,20,7,41.0,31,10,7,25.0,36,9,5,17.0,46,4,11,27.0,42,8,5,16.0,34,6,21,14.0,35,8,38,19.0,36,11,11,16.0,34,12,17,12.0,19,6,31,27.0,30,11,13,13.0,19,2,10,11.0,30,13,11,15.0,34,16,3,7.0,22,10,9,7.0,28,9,13,11.0,25,9,11,9.0,21,9,11,15.0,28,14,17,6.0
93,Mariagerfjord,159,118,141,124,150,153,105,153,94,132,122,89,148,148,215,116,107,121,110,128,110,124,142,86,108,100,95,69,77,107,109,125,96,99,111,112,43,54,138,79,84,110,78,86,78,89,100,80,66,66,78,63,64,79,55,61,73,54,57,1,0.0,36,56,0,1.0,40,60,0,0.0,43,37,0,0.0,31,44,0,3.0,58,55,0,1.0,27,36,0,3.0,42,58,2,4.0,33,31,0,0.0,23,41,0,1.0,34,27,1,2.0,18,36,2,0.0,42,37,1,2.0,38,34,1,1.0,72,53,1,3.0,29,36,4,1.0,32,38,0,0.0,33,37,5,0.0,29,36,0,2.0,42,42,2,1.0,29,26,2,1.0,30,37,2,2.0,37,53,2,0.0,23,32,3,6.0,31,34,6,3.0,47,27,2,3.0,26,41,6,1.0,28,20,3,2.0,25,16,0,4.0,31,28,0,3.0,33,22,1,18.0,27,28,7,16.0,21,23,9,7.0,21,29,3,7.0,35,27,7,14.0,35,40,18,17.0,11,16,5,3.0,15,23,4,1.0,31,25,9,42.0,27,27,11,16.0,23,20,6,24.0,30,18,12,31.0,14,12,4,13.0,27,16,12,13.0,9,15,12,17.0,27,10,8,15.0,25,14,20,15.0,12,12,23,28.0,16,9,9,3.0,14,7,7,10.0,20,21,17,5.0,22,12,3,10.0,23,7,12,7.0,31,18,24,11.0,24,4,6,5.0,24,10,13,20.0,22,6,22,16.0
94,Morsoe,84,81,62,72,59,89,52,72,49,43,65,33,75,60,113,62,56,53,43,72,49,53,60,42,66,65,57,44,50,64,97,70,40,48,59,73,23,26,73,45,47,58,34,50,27,51,49,54,30,25,44,46,42,61,41,42,46,60,75,0,10.0,36,61,1,12.0,49,60,0,7.0,59,73,2,10.0,60,90,1,3.0,51,69,0,4.0,46,52,0,19.0,53,78,0,19.0,31,39,0,7.0,57,43,1,8.0,51,59,1,11.0,36,41,1,3.0,75,59,2,15.0,58,60,2,10.0,81,84,1,8.0,44,49,2,3.0,59,53,0,5.0,49,53,2,2.0,43,52,1,14.0,43,65,3,11.0,41,44,3,9.0,50,43,1,16.0,48,47,2,20.0,21,38,1,6.0,52,58,5,29.0,36,34,1,19.0,34,51,1,14.0,26,29,1,21.0,27,33,1,13.0,40,43,2,51.0,55,32,4,118.0,35,40,5,101.0,35,45,14,49.0,37,30,4,35.0,35,44,4,57.0,28,42,23,104.0,24,25,3,44.0,18,40,4,32.0,53,57,7,172.0,27,15,2,97.0,29,23,1,145.0,32,26,6,145.0,26,20,10,103.0,17,16,10,129.0,51,18,18,98.0,19,14,11,124.0,21,17,13,93.0,20,32,26,179.0,13,11,14,31.0,13,29,3,40.0,25,36,15,72.0,14,16,12,52.0,15,12,9,88.0,26,22,16,69.0,10,15,6,67.0,18,5,6,77.0,17,18,11,73.0
95,Rebild,117,92,112,97,104,106,83,114,63,102,85,73,114,93,140,85,99,89,82,85,75,88,105,57,92,65,87,52,49,81,94,89,72,74,74,105,53,49,110,75,72,87,58,70,114,51,64,88,40,37,64,37,40,69,28,46,50,79,59,0,0.0,110,55,1,0.0,78,47,1,1.0,84,60,2,0.0,81,63,3,0.0,66,56,14,0.0,69,39,3,0.0,74,51,3,0.0,43,33,3,0.0,55,46,3,0.0,75,54,2,0.0,48,43,6,1.0,112,58,7,0.0,75,43,9,0.0,129,70,15,1.0,65,40,12,0.0,61,52,9,0.0,86,35,26,0.0,60,47,1,0.0,78,52,6,1.0,56,40,18,0.0,50,39,6,0.0,72,43,9,0.0,55,31,22,2.0,87,60,8,1.0,56,50,15,0.0,53,48,31,1.0,40,38,7,0.0,26,27,14,0.0,55,32,35,1.0,58,28,12,2.0,58,32,28,2.0,48,26,52,1.0,60,39,26,1.0,38,37,58,1.0,60,55,98,0.0,30,27,5,1.0,34,26,6,1.0,65,34,50,0.0,45,23,32,1.0,39,23,16,1.0,40,35,69,0.0,29,19,43,1.0,38,23,88,2.0,37,17,96,1.0,26,17,48,0.0,41,10,102,3.0,29,27,128,2.0,32,9,60,1.0,34,14,46,2.0,35,16,83,0.0,40,20,52,1.0,71,15,74,1.0,53,19,83,1.0,21,7,94,0.0,40,12,58,1.0,36,12,78,0.0
96,Thisted,158,173,139,160,172,135,121,155,82,98,137,91,176,142,220,119,116,146,113,147,102,97,123,98,155,94,115,74,64,112,118,123,108,105,99,141,67,90,172,96,85,105,69,80,86,64,90,111,65,81,103,66,102,110,51,73,82,77,361,0,,58,285,0,,61,307,0,,67,278,0,,87,340,0,,96,332,0,,49,227,0,,67,286,0,,53,201,0,,58,250,1,,63,237,0,,39,190,0,,80,267,0,,66,245,0,,96,328,1,,73,182,0,,54,230,0,,50,223,1,,42,204,0,,54,245,0,,38,252,0,,54,291,0,,51,256,1,,44,202,0,,65,286,0,,68,206,0,,45,217,0,,38,137,1,,31,148,0,,38,203,0,,69,166,0,,60,176,1,,53,199,0,,37,187,3,,44,195,2,,46,254,3,,29,120,0,,28,118,0,,61,169,0,,29,143,1,,39,159,1,,48,153,0,,45,86,1,,45,149,0,,34,93,0,,32,91,0,,22,86,1,,28,163,0,,31,118,0,,24,118,3,,31,132,0,,24,84,0,,18,115,1,,45,117,1,,21,75,0,,26,110,3,,29,96,3,
97,Vesthimmerlands,136,115,108,129,154,153,91,122,86,106,120,83,142,112,170,116,106,87,92,110,82,96,96,82,133,122,95,79,63,75,119,113,100,87,99,141,62,59,144,70,87,120,87,91,86,75,60,109,57,51,67,66,49,91,39,64,68,457,3,17,,381,0,19,,469,2,15,,418,4,24,,446,3,17,,452,0,18,,363,3,29,,442,4,17,,321,1,9,,371,4,19,,398,5,22,,273,3,16,,592,1,16,,494,3,21,,662,3,19,,375,0,14,,445,1,19,,393,1,8,,291,2,14,,382,5,14,,346,1,17,,341,1,27,,351,4,24,,239,2,20,,429,2,52,,311,0,28,,314,1,47,,219,3,26,,258,1,33,,399,1,61,,380,3,107,,368,1,93,,347,0,92,,263,1,138,,377,2,142,,323,2,208,,207,2,92,,172,1,96,,428,2,256,,277,2,177,,294,1,203,,346,1,237,,230,1,193,,245,1,218,,247,0,192,,202,4,216,,220,2,218,,148,1,369,,201,2,107,,159,1,154,,277,2,196,,193,2,142,,244,0,173,,235,1,171,,159,8,130,,196,9,153,,189,21,133,
98,Aalborg,828,679,784,708,792,802,612,750,532,632,648,472,881,758,1013,572,689,644,510,644,625,654,636,469,752,551,576,384,433,688,676,673,647,511,687,779,376,328,819,549,614,713,462,611,534,465,501,618,410,363,564,381,521,504,395,441,436,7,12,3,,7,8,5,,8,8,1,,6,12,3,,14,6,1,,11,24,2,,10,4,2,,11,13,1,,4,11,2,,9,12,1,,8,10,3,,11,20,0,,13,25,2,,6,26,1,,12,59,1,,6,38,1,,12,34,3,,3,77,3,,12,28,3,,11,28,4,,11,61,1,,10,17,1,,10,136,4,,2,89,2,,9,27,0,,5,37,2,,5,106,7,,12,39,3,,2,26,3,,9,91,4,,5,36,22,,6,87,16,,11,183,12,,10,105,13,,5,151,19,,4,360,33,,1,43,16,,11,36,23,,7,153,42,,3,75,32,,6,89,31,,9,211,54,,9,92,30,,4,342,37,,14,302,31,,4,194,25,,2,265,32,,8,522,67,,3,192,9,,3,151,19,,9,218,21,,5,112,20,,5,137,19,,17,139,27,,2,125,15,,7,187,24,,9,241,29,
99,Not stated,10,7,11,10,17,11,13,15,5,14,13,15,14,9,17,6,13,5,14,17,12,11,15,6,12,5,7,16,3,11,10,10,12,15,10,9,4,13,9,7,9,10,12,7,15,8,8,11,6,9,11,8,7,20,10,20,33,482,0,1,,375,0,0,,421,0,0,,431,0,3,,477,1,2,,454,1,1,,353,0,1,,417,9,0,,267,1,0,,466,2,0,,456,1,0,,468,1,0,,417,2,0,,395,4,0,,470,8,2,,338,8,0,,379,3,1,,390,14,2,,381,5,0,,412,9,0,,318,11,0,,398,0,2,,381,2,3,,390,18,0,,492,7,1,,228,6,1,,317,18,2,,204,8,1,,232,8,1,,303,11,1,,273,6,8,,271,12,7,,244,29,3,,289,9,7,,348,27,3,,386,56,11,,234,8,3,,291,2,9,,283,24,19,,195,15,10,,242,7,7,,246,24,11,,180,15,7,,216,40,15,,205,38,7,,262,20,4,,284,33,14,,265,64,16,,142,11,6,,189,19,2,,155,31,7,,165,28,4,,142,33,4,,191,28,4,,121,25,8,,123,34,7,,162,37,5,
100,Copenhagen,656,568,684,689,794,711,636,684,481,619,660,539,764,673,912,585,713,710,627,749,596,733,731,545,621,502,625,486,577,825,839,674,632,573,650,660,346,431,766,571,601,581,421,418,300,292,352,352,256,244,338,328,410,344,259,358,336,45,0,1,,44,0,0,,48,1,2,,46,1,5,,54,0,0,,61,2,0,,46,0,2,,44,0,4,,23,0,1,,45,1,1,,48,0,2,,46,1,0,,42,1,4,,38,2,2,,48,0,3,,33,4,1,,38,1,1,,42,8,0,,36,0,5,,33,0,4,,37,2,5,,44,1,3,,35,1,4,,34,3,9,,45,1,13,,23,4,16,,27,6,4,,32,1,3,,15,2,3,,24,5,11,,20,3,25,,22,5,20,,26,10,14,,33,4,12,,21,2,20,,39,16,234,,13,1,10,,20,0,7,,22,7,45,,15,6,11,,18,9,61,,27,12,165,,14,4,138,,14,18,53,,12,14,37,,7,11,56,,12,6,199,,11,18,291,,9,8,26,,17,7,53,,12,13,286,,14,2,55,,19,4,55,,12,9,192,,11,5,112,,10,8,31,,11,5,14,
101,Frederiksberg,110,98,115,144,158,138,125,150,79,132,110,92,158,115,159,130,113,118,112,133,88,127,122,96,114,92,121,88,112,176,165,138,123,121,102,121,70,83,139,109,101,116,78,67,55,53,63,67,57,67,86,69,82,54,43,68,62,10,0,1,,10,1,2,,13,0,0,,14,27,1,,16,28,2,,15,0,2,,8,2,3,,14,85,3,,6,2,1,,11,1,0,,17,103,0,,20,59,0,,7,3,0,,6,2,2,,12,6,1,,9,80,1,,7,124,1,,12,19,1,,9,10,2,,5,2,1,,8,55,0,,11,56,4,,12,2,2,,10,20,9,,8,11,2,,4,3,9,,3,24,6,,2,3,0,,3,0,2,,6,7,14,,9,6,14,,10,35,21,,9,42,8,,8,7,14,,2,19,14,,6,49,39,,11,14,8,,3,9,22,,6,24,26,,1,15,28,,6,129,31,,8,82,74,,2,23,37,,8,75,49,,3,48,175,,5,35,82,,2,104,51,,3,149,89,,3,35,15,,6,26,65,,6,30,56,,3,26,45,,2,33,67,,3,69,120,,4,24,123,,3,42,30,,3,28,78,
102,Dragoer,34,23,38,37,40,26,26,28,24,27,44,24,36,45,61,29,32,31,34,33,32,33,25,21,30,26,23,26,21,24,39,38,21,20,20,29,15,18,33,21,27,24,15,19,14,9,14,15,13,15,15,15,24,12,8,16,10,63,0,2,,132,0,4,,163,1,3,,95,0,1,,174,0,4,,310,1,2,,161,0,8,,137,0,6,,55,0,1,,127,0,1,,184,0,4,,45,1,1,,46,2,3,,38,0,2,,85,5,5,,61,0,0,,97,1,2,,108,3,2,,79,0,4,,83,3,5,,125,5,1,,109,3,4,,178,3,7,,355,3,4,,95,5,9,,153,3,5,,90,7,11,,92,2,12,,85,1,5,,256,4,15,,370,3,32,,250,13,28,,222,8,25,,237,5,23,,441,6,21,,503,77,31,,75,1,22,,121,0,23,,268,55,46,,156,6,33,,232,5,51,,381,7,55,,248,40,58,,338,19,59,,109,12,48,,191,10,59,,162,39,54,,223,31,93,,53,10,7,,70,10,36,,93,16,44,,69,9,30,,93,38,44,,151,36,38,,122,50,29,,44,24,42,,193,13,37,
